,datetime,q
0,11/30/74,0.007
1,12/1/74,0.004
2,12/2/74,0.003
3,12/3/74,0.003
4,12/4/74,0.002
5,12/5/74,0.001
6,12/6/74,0.001
7,12/7/74,0.001
8,12/8/74,0.001
9,12/9/74,0.001
10,12/10/74,0.001
11,12/11/74,0.001
12,12/12/74,0.214
13,12/13/74,0.032
14,12/14/74,0.013
15,12/15/74,0.007
16,12/16/74,0.003
17,12/17/74,0.003
18,12/18/74,0.002
19,12/19/74,0.001
20,12/20/74,0.001
21,12/21/74,0
22,12/22/74,0
23,12/23/74,0
24,12/24/74,0
25,12/25/74,0
26,12/26/74,0
27,12/27/74,0.001
28,12/28/74,0
29,12/29/74,0
30,12/30/74,0
31,12/31/74,0
32,1/1/75,0
33,1/2/75,0
34,1/3/75,0
35,1/4/75,0
36,1/5/75,0.077
37,1/6/75,0.029
38,1/7/75,0.008
39,1/8/75,0.006
40,1/9/75,0.004
41,1/10/75,0.004
42,1/11/75,0.004
43,1/12/75,0.005
44,1/13/75,0.003
45,1/14/75,0.005
46,1/15/75,0.007
47,1/16/75,0.007
48,1/17/75,0.007
49,1/18/75,0.068
50,1/19/75,0.027
51,1/20/75,0.011
52,1/21/75,0.007
53,1/22/75,0.005
54,1/23/75,0.005
55,1/24/75,0.002
56,1/25/75,0.001
57,1/26/75,0
58,1/27/75,0
59,1/28/75,0
60,1/29/75,0
61,1/30/75,0
62,1/31/75,0
63,2/1/75,0
64,2/2/75,0
65,2/3/75,0
66,2/4/75,0
67,2/5/75,0
68,2/6/75,0
69,2/7/75,0
70,2/8/75,0
71,2/9/75,0
72,2/10/75,0
73,2/11/75,0
74,2/12/75,0
75,2/13/75,0
76,2/14/75,0.004
77,2/15/75,0.073
78,2/16/75,0.011
79,2/17/75,0.005
80,2/18/75,0.003
81,2/19/75,0.002
82,2/20/75,0.002
83,2/21/75,0.002
84,2/22/75,0.002
85,2/23/75,0.004
86,2/24/75,0.14
87,2/25/75,0.684
88,2/26/75,1.001
89,2/27/75,0.092
90,2/28/75,0.046
91,3/1/75,0.035
92,3/2/75,0.019
93,3/3/75,0.018
94,3/4/75,0.016
95,3/5/75,0.009
96,3/6/75,0.006
97,3/7/75,0.004
98,3/8/75,0.004
99,3/9/75,0.004
100,3/10/75,0.004
101,3/11/75,0.003
102,3/12/75,0.003
103,3/13/75,0.004
104,3/14/75,0.003
105,3/15/75,0.002
106,3/16/75,0.003
107,3/17/75,0.002
108,3/18/75,0.003
109,3/19/75,0.005
110,3/20/75,0.003
111,3/21/75,0.006
112,3/22/75,0.007
113,3/23/75,0.006
114,3/24/75,0.005
115,3/25/75,0.004
116,3/26/75,0.003
117,3/27/75,0.004
118,3/28/75,0.004
119,3/29/75,0.004
120,3/30/75,0.006
121,3/31/75,0.004
122,4/1/75,0.006
123,4/2/75,0.003
124,4/3/75,0.003
125,4/4/75,0.003
126,4/5/75,0.003
127,4/6/75,0.003
128,4/7/75,0.003
129,4/8/75,0.003
130,4/9/75,0.003
131,4/10/75,0.002
132,4/11/75,0.002
133,4/12/75,0.002
134,4/13/75,0.002
135,4/14/75,0.003
136,4/15/75,0.003
137,4/16/75,0.612
138,4/17/75,0.036
139,4/18/75,0.014
140,4/19/75,0.008
141,4/20/75,0.006
142,4/21/75,0.006
143,4/22/75,0.004
144,4/23/75,0.004
145,4/24/75,0.003
146,4/25/75,0.002
147,4/26/75,0.003
148,4/27/75,0.004
149,4/28/75,0.004
150,4/29/75,0.003
151,4/30/75,0.002
152,5/1/75,0.003
153,5/2/75,0.003
154,5/3/75,0.004
155,5/4/75,0.003
156,5/5/75,0.003
157,5/6/75,0.003
158,5/7/75,0.003
159,5/8/75,0.003
160,5/9/75,0.003
161,5/10/75,0.005
162,5/11/75,0.003
163,5/12/75,0.004
164,5/13/75,0.004
165,5/14/75,0.004
166,5/15/75,0.005
167,5/16/75,0.006
168,5/17/75,0.009
169,5/18/75,0.006
170,5/19/75,0.005
171,5/20/75,0.004
172,5/21/75,0.003
173,5/22/75,0.003
174,5/23/75,0.004
175,5/24/75,0.003
176,5/25/75,0.003
177,5/26/75,0.003
178,5/27/75,0.004
179,5/28/75,0.005
180,5/29/75,0.005
181,5/30/75,0.005
182,5/31/75,0.004
183,6/1/75,0.004
184,6/2/75,0.004
185,6/3/75,0.003
186,6/4/75,0.004
187,6/5/75,0.004
188,6/6/75,0.004
189,6/7/75,0.004
190,6/8/75,0.004
191,6/9/75,0.004
192,6/10/75,0.004
193,6/11/75,0.005
194,6/12/75,0.006
195,6/13/75,0.006
196,6/14/75,0.006
197,6/15/75,0.004
198,6/16/75,0.005
199,6/17/75,0.005
200,6/18/75,0.003
201,6/19/75,0.003
202,6/20/75,0.005
203,6/21/75,0.034
204,6/22/75,0.085
205,6/23/75,0.063
206,6/24/75,0.045
207,6/25/75,0.031
208,6/26/75,0.02
209,6/27/75,0.025
210,6/28/75,0.018
211,6/29/75,0.013
212,6/30/75,0.009
213,7/1/75,0.009
214,7/2/75,0.011
215,7/3/75,0.082
216,7/4/75,0.392
217,7/5/75,0.638
218,7/6/75,0.21
219,7/7/75,0.077
220,7/8/75,0.043
221,7/9/75,0.032
222,7/10/75,0.024
223,7/11/75,0.019
224,7/12/75,0.014
225,7/13/75,0.013
226,7/14/75,0.012
227,7/15/75,0.012
228,7/16/75,0.011
229,7/17/75,0.009
230,7/18/75,0.007
231,7/19/75,0.007
232,7/20/75,0.008
233,7/21/75,0.008
234,7/22/75,0.007
235,7/23/75,0.007
236,7/24/75,0.007
237,7/25/75,0.009
238,7/26/75,0.022
239,7/27/75,0.012
240,7/28/75,0.008
241,7/29/75,0.006
242,7/30/75,0.006
243,7/31/75,0.006
244,8/1/75,0.006
245,8/2/75,0.006
246,8/3/75,0.006
247,8/4/75,0.006
248,8/5/75,0.018
249,8/6/75,0.022
250,8/7/75,0.011
251,8/8/75,0.008
252,8/9/75,0.008
253,8/10/75,0.006
254,8/11/75,0.011
255,8/12/75,0.043
256,8/13/75,0.036
257,8/14/75,0.053
258,8/15/75,0.03
259,8/16/75,0.051
260,8/17/75,0.051
261,8/18/75,0.042
262,8/19/75,0.029
263,8/20/75,0.024
264,8/21/75,0.017
265,8/22/75,0.015
266,8/23/75,0.012
267,8/24/75,0.012
268,8/25/75,0.012
269,8/26/75,0.011
270,8/27/75,0.007
271,8/28/75,0.023
272,8/29/75,0.021
273,8/30/75,0.014
274,8/31/75,0.009
275,9/1/75,0.159
276,9/2/75,0.376
277,9/3/75,0.107
278,9/4/75,0.064
279,9/5/75,0.04
280,9/6/75,0.027
281,9/7/75,0.018
282,9/8/75,0.014
283,9/9/75,0.014
284,9/10/75,0.014
285,9/11/75,0.012
286,9/12/75,0.01
287,9/13/75,0.01
288,9/14/75,0.01
289,9/15/75,0.008
290,9/16/75,0.008
291,9/17/75,0.008
292,9/18/75,0.008
293,9/19/75,0.007
294,9/20/75,0.007
295,9/21/75,0.007
296,9/22/75,0.005
297,9/23/75,0.004
298,9/24/75,0.004
299,9/25/75,0.111
300,9/26/75,0.069
301,9/27/75,0.041
302,9/28/75,0.027
303,9/29/75,0.019
304,9/30/75,0.012
305,10/1/75,0.011
306,10/2/75,0.012
307,10/3/75,0.011
308,10/4/75,0.007
309,10/5/75,0.004
310,10/6/75,0.004
311,10/7/75,0.004
312,10/8/75,0.004
313,10/9/75,0.003
314,10/10/75,0.004
315,10/11/75,0.005
316,10/12/75,0.022
317,10/13/75,0.029
318,10/14/75,0.01
319,10/15/75,0.008
320,10/16/75,0.007
321,10/17/75,0.004
322,10/18/75,0.004
323,10/19/75,0.003
324,10/20/75,0.049
325,10/21/75,0.183
326,10/22/75,0.14
327,10/23/75,0.076
328,10/24/75,0.229
329,10/25/75,0.557
330,10/26/75,0.092
331,10/27/75,0.035
332,10/28/75,0.018
333,10/29/75,0.01
334,10/30/75,0.006
335,10/31/75,0.004
336,11/1/75,0.009
337,11/2/75,0.008
338,11/3/75,0.002
339,11/4/75,0.002
340,11/5/75,0.005
341,11/6/75,0.003
342,11/7/75,0.001
343,11/8/75,0.001
344,11/9/75,0
345,11/10/75,0.003
346,11/11/75,14.054
347,11/12/75,16.839
348,11/13/75,2.755
349,11/14/75,0.873
350,11/15/75,0.82
351,11/16/75,1.829
352,11/17/75,0.517
353,11/18/75,0.165
354,11/19/75,0.068
355,11/20/75,0.035
356,11/21/75,0.02
357,11/22/75,0.011
358,11/23/75,0.008
359,11/24/75,0.006
360,11/25/75,0.004
361,11/26/75,0.003
362,11/27/75,0.003
363,11/28/75,0.003
364,11/29/75,0.002
365,11/30/75,0.002
366,12/1/75,0.003
367,12/2/75,0.003
368,12/3/75,0.003
369,12/4/75,0.003
370,12/5/75,0.002
371,12/6/75,0.002
372,12/7/75,0.002
373,12/8/75,0.003
374,12/9/75,0.003
375,12/10/75,0.003
376,12/11/75,0.002
377,12/12/75,0.001
378,12/13/75,0.001
379,12/14/75,0.001
380,12/15/75,0
381,12/16/75,0
382,12/17/75,0
383,12/18/75,0
384,12/19/75,0
385,12/20/75,0
386,12/21/75,0
387,12/22/75,0
388,12/23/75,0
389,12/24/75,1.82
390,12/25/75,0.228
391,12/26/75,0.057
392,12/27/75,0.025
393,12/28/75,0.017
394,12/29/75,0.02
395,12/30/75,0.016
396,12/31/75,0.084
397,1/1/76,0.031
398,1/2/76,0.043
399,1/3/76,0.03
400,1/4/76,0.018
401,1/5/76,0.01
402,1/6/76,0.006
403,1/7/76,0.003
404,1/8/76,0.003
405,1/9/76,0.003
406,1/10/76,0.002
407,1/11/76,0.003
408,1/12/76,0.002
409,1/13/76,0.025
410,1/14/76,24.975
411,1/15/76,3.406
412,1/16/76,0.794
413,1/17/76,0.115
414,1/18/76,0.039
415,1/19/76,0.028
416,1/20/76,0.022
417,1/21/76,0.028
418,1/22/76,0.029
419,1/23/76,0.022
420,1/24/76,36.418
421,1/25/76,28.292
422,1/26/76,1.773
423,1/27/76,0.362
424,1/28/76,0.15
425,1/29/76,0.07
426,1/30/76,0.044
427,1/31/76,0.031
428,2/1/76,0.025
429,2/2/76,0.018
430,2/3/76,0.034
431,2/4/76,0.036
432,2/5/76,0.035
433,2/6/76,0.026
434,2/7/76,0.013
435,2/8/76,0.012
436,2/9/76,0.011
437,2/10/76,0.009
438,2/11/76,27.691
439,2/12/76,14.883
440,2/13/76,5.615
441,2/14/76,1.247
442,2/15/76,0.381
443,2/16/76,0.159
444,2/17/76,0.074
445,2/18/76,0.038
446,2/19/76,0.022
447,2/20/76,0.033
448,2/21/76,0.028
449,2/22/76,0.016
450,2/23/76,0.019
451,2/24/76,0.021
452,2/25/76,0.017
453,2/26/76,0.017
454,2/27/76,0.1
455,2/28/76,0.029
456,2/29/76,0.017
457,3/1/76,0.014
458,3/2/76,0.013
459,3/3/76,0.01
460,3/4/76,0.01
461,3/5/76,0.01
462,3/6/76,0.01
463,3/7/76,0.01
464,3/8/76,0.013
465,3/9/76,0.008
466,3/10/76,0.005
467,3/11/76,0.003
468,3/12/76,0.003
469,3/13/76,0.003
470,3/14/76,0.005
471,3/15/76,0.006
472,3/16/76,0.01
473,3/17/76,0.008
474,3/18/76,0.008
475,3/19/76,0.007
476,3/20/76,0.005
477,3/21/76,0.052
478,3/22/76,0.027
479,3/23/76,0.01
480,3/24/76,0.006
481,3/25/76,0.006
482,3/26/76,0.854
483,3/27/76,0.501
484,3/28/76,0.143
485,3/29/76,0.076
486,3/30/76,0.029
487,3/31/76,0.016
488,4/1/76,0.012
489,4/2/76,0.011
490,4/3/76,0.009
491,4/4/76,0.008
492,4/5/76,0.007
493,4/6/76,0.007
494,4/7/76,0.007
495,4/8/76,0.009
496,4/9/76,0.008
497,4/10/76,0.008
498,4/11/76,0.008
499,4/12/76,0.01
500,4/13/76,0.01
501,4/14/76,0.013
502,4/15/76,0.014
503,4/16/76,0.014
504,4/17/76,0.014
505,4/18/76,0.014
506,4/19/76,0.011
507,4/20/76,0.01
508,4/21/76,0.009
509,4/22/76,0.009
510,4/23/76,0.009
511,4/24/76,0.007
512,4/25/76,0.006
513,4/26/76,0.005
514,4/27/76,0.005
515,4/28/76,0.005
516,4/29/76,0.005
517,4/30/76,0.007
518,5/1/76,0.007
519,5/2/76,0.007
520,5/3/76,0.007
521,5/4/76,0.007
522,5/5/76,0.007
523,5/6/76,0.007
524,5/7/76,0.006
525,5/8/76,0.006
526,5/9/76,0.006
527,5/10/76,0.006
528,5/11/76,0.022
529,5/12/76,0.051
530,5/13/76,0.026
531,5/14/76,0.019
532,5/15/76,0.019
533,5/16/76,0.014
534,5/17/76,0.012
535,5/18/76,0.011
536,5/19/76,0.009
537,5/20/76,0.009
538,5/21/76,0.009
539,5/22/76,0.009
540,5/23/76,0.009
541,5/24/76,0.013
542,5/25/76,0.015
543,5/26/76,0.011
544,5/27/76,0.008
545,5/28/76,0.007
546,5/29/76,0.005
547,5/30/76,0.006
548,5/31/76,0.007
549,6/1/76,0.006
550,6/2/76,0.006
551,6/3/76,0.011
552,6/4/76,0.012
553,6/5/76,0.008
554,6/6/76,0.007
555,6/7/76,0.005
556,6/8/76,0.004
557,6/9/76,0.004
558,6/10/76,0.003
559,6/11/76,0.003
560,6/12/76,0.003
561,6/13/76,0.003
562,6/14/76,0.003
563,6/15/76,0.008
564,6/16/76,0.013
565,6/17/76,0.007
566,6/18/76,0.005
567,6/19/76,0.006
568,6/20/76,0.186
569,6/21/76,1.365
570,6/22/76,1.658
571,6/23/76,0.497
572,6/24/76,0.237
573,6/25/76,0.123
574,6/26/76,0.08
575,6/27/76,0.543
576,6/28/76,6.563
577,6/29/76,0.995
578,6/30/76,0.368
579,7/1/76,0.215
580,7/2/76,0.138
581,7/3/76,0.111
582,7/4/76,0.084
583,7/5/76,0.061
584,7/6/76,0.047
585,7/7/76,0.039
586,7/8/76,0.038
587,7/9/76,0.031
588,7/10/76,0.031
589,7/11/76,0.026
590,7/12/76,0.023
591,7/13/76,0.023
592,7/14/76,0.025
593,7/15/76,0.377
594,7/16/76,0.449
595,7/17/76,0.155
596,7/18/76,0.11
597,7/19/76,0.082
598,7/20/76,0.064
599,7/21/76,0.057
600,7/22/76,0.047
601,7/23/76,0.039
602,7/24/76,0.039
603,7/25/76,0.039
604,7/26/76,0.036
605,7/27/76,0.363
606,7/28/76,0.157
607,7/29/76,0.102
608,7/30/76,0.669
609,7/31/76,0.333
610,8/1/76,0.15
611,8/2/76,0.124
612,8/3/76,0.114
613,8/4/76,0.072
614,8/5/76,0.07
615,8/6/76,0.043
616,8/7/76,0.037
617,8/8/76,0.031
618,8/9/76,0.033
619,8/10/76,0.034
620,8/11/76,0.033
621,8/12/76,0.032
622,8/13/76,0.022
623,8/14/76,0.082
624,8/15/76,0.065
625,8/16/76,0.03
626,8/17/76,0.03
627,8/18/76,0.03
628,8/19/76,0.014
629,8/20/76,0.011
630,8/21/76,0.009
631,8/22/76,0.009
632,8/23/76,0.01
633,8/24/76,0.017
634,8/25/76,0.024
635,8/26/76,0.019
636,8/27/76,0.012
637,8/28/76,0.01
638,8/29/76,0.006
639,8/30/76,0.003
640,8/31/76,0.003
641,9/1/76,0.004
642,9/2/76,0.006
643,9/3/76,0.007
644,9/4/76,0.003
645,9/5/76,0.003
646,9/6/76,0.002
647,9/7/76,0.002
648,9/8/76,0.001
649,9/9/76,0.001
650,9/10/76,0.021
651,9/11/76,0.02
652,9/12/76,0.007
653,9/13/76,0.003
654,9/14/76,0.002
655,9/15/76,0.002
656,9/16/76,0.001
657,9/17/76,0.001
658,9/18/76,0.001
659,9/19/76,0.003
660,9/20/76,0.004
661,9/21/76,0.003
662,9/22/76,0.004
663,9/23/76,0.003
664,9/24/76,0.002
665,9/25/76,0.002
666,9/26/76,0.027
667,9/27/76,0.018
668,9/28/76,0.008
669,9/29/76,0.005
670,9/30/76,0.003
671,10/1/76,0.002
672,10/2/76,0.002
673,10/3/76,0.002
674,10/4/76,0.002
675,10/5/76,0.002
676,10/6/76,0.002
677,10/7/76,0.004
678,10/8/76,0.005
679,10/9/76,0.003
680,10/10/76,0.003
681,10/11/76,0.002
682,10/12/76,0.002
683,10/13/76,0.001
684,10/14/76,0.017
685,10/15/76,0.044
686,10/16/76,0.014
687,10/17/76,0.01
688,10/18/76,0.005
689,10/19/76,0.015
690,10/20/76,0.015
691,10/21/76,0.005
692,10/22/76,0.004
693,10/23/76,0.005
694,10/24/76,0.009
695,10/25/76,0.005
696,10/26/76,0.002
697,10/27/76,0.156
698,10/28/76,0.022
699,10/29/76,0.005
700,10/30/76,0.002
701,10/31/76,0.001
702,11/1/76,0.207
703,11/2/76,0.035
704,11/3/76,0.014
705,11/4/76,0.005
706,11/5/76,0.002
707,11/6/76,0.001
708,11/7/76,0.001
709,11/8/76,0.001
710,11/9/76,0.001
711,11/10/76,0.235
712,11/11/76,2.138
713,11/12/76,0.545
714,11/13/76,1.022
715,11/14/76,18.467
716,11/15/76,2.612
717,11/16/76,2.26
718,11/17/76,0.61
719,11/18/76,0.187
720,11/19/76,0.092
721,11/20/76,0.041
722,11/21/76,0.065
723,11/22/76,0.048
724,11/23/76,0.015
725,11/24/76,0.006
726,11/25/76,0.002
727,11/26/76,0.002
728,11/27/76,0.008
729,11/28/76,0.004
730,11/29/76,0.001
731,11/30/76,0.001
732,12/1/76,0.001
733,12/2/76,0.001
734,12/3/76,0.001
735,12/4/76,0.002
736,12/5/76,0.001
737,12/6/76,0.001
738,12/7/76,0.001
739,12/8/76,0.001
740,12/9/76,0.001
741,12/10/76,0
742,12/11/76,0.001
743,12/12/76,0.001
744,12/13/76,0
745,12/14/76,0
746,12/15/76,0
747,12/16/76,0
748,12/17/76,0
749,12/18/76,0
750,12/19/76,0
751,12/20/76,0
752,12/21/76,0
753,12/22/76,0
754,12/23/76,0
755,12/24/76,0
756,12/25/76,0.001
757,12/26/76,0
758,12/27/76,0
759,12/28/76,0
760,12/29/76,0
761,12/30/76,0
762,12/31/76,0
763,1/1/77,0
764,1/2/77,0.001
765,1/3/77,0
766,1/4/77,0
767,1/5/77,0
768,1/6/77,0
769,1/7/77,0
770,1/8/77,0
771,1/9/77,0
772,1/10/77,0
773,1/11/77,0
774,1/12/77,0
775,1/13/77,0.001
776,1/14/77,0
777,1/15/77,0
778,1/16/77,0
779,1/17/77,0
780,1/18/77,0
781,1/19/77,0
782,1/20/77,0
783,1/21/77,0
784,1/22/77,0.002
785,1/23/77,0
786,1/24/77,0
787,1/25/77,0
788,1/26/77,0
789,1/27/77,0
790,1/28/77,0
791,1/29/77,0
792,1/30/77,0
793,1/31/77,0
794,2/1/77,0
795,2/2/77,0
796,2/3/77,0
797,2/4/77,0
798,2/5/77,0
799,2/6/77,0
800,2/7/77,0
801,2/8/77,0
802,2/9/77,0
803,2/10/77,0
804,2/11/77,0
805,2/12/77,0
806,2/13/77,0
807,2/14/77,0
808,2/15/77,0
809,2/16/77,0
810,2/17/77,0
811,2/18/77,0
812,2/19/77,0
813,2/20/77,0
814,2/21/77,0
815,2/22/77,8.532
816,2/23/77,3.085
817,2/24/77,0.227
818,2/25/77,0.079
819,2/26/77,0.04
820,2/27/77,0.017
821,2/28/77,0.008
822,3/1/77,0.003
823,3/2/77,0.002
824,3/3/77,3.704
825,3/4/77,6.743
826,3/5/77,0.967
827,3/6/77,15.929
828,3/7/77,15.298
829,3/8/77,29.288
830,3/9/77,1.981
831,3/10/77,0.718
832,3/11/77,0.31
833,3/12/77,0.219
834,3/13/77,0.13
835,3/14/77,0.076
836,3/15/77,0.048
837,3/16/77,0.031
838,3/17/77,0.059
839,3/18/77,0.037
840,3/19/77,0.02
841,3/20/77,0.012
842,3/21/77,0.007
843,3/22/77,0.009
844,3/23/77,0.016
845,3/24/77,0.006
846,3/25/77,0.003
847,3/26/77,0.002
848,3/27/77,0.058
849,3/28/77,0.045
850,3/29/77,0.012
851,3/30/77,0.005
852,3/31/77,0.002
853,4/1/77,0.025
854,4/2/77,0.018
855,4/3/77,0.005
856,4/4/77,0.003
857,4/5/77,0.004
858,4/6/77,0.007
859,4/7/77,0.008
860,4/8/77,2.034
861,4/9/77,0.287
862,4/10/77,0.083
863,4/11/77,0.042
864,4/12/77,0.027
865,4/13/77,0.02
866,4/14/77,0.016
867,4/15/77,0.013
868,4/16/77,0.01
869,4/17/77,0.009
870,4/18/77,0.007
871,4/19/77,0.005
872,4/20/77,0.004
873,4/21/77,0.003
874,4/22/77,0.003
875,4/23/77,0.003
876,4/24/77,0.002
877,4/25/77,0.002
878,4/26/77,0.001
879,4/27/77,0.001
880,4/28/77,0.001
881,4/29/77,0.001
882,4/30/77,0.001
883,5/1/77,0.001
884,5/2/77,0.001
885,5/3/77,0.001
886,5/4/77,0.001
887,5/5/77,0.001
888,5/6/77,0.001
889,5/7/77,0.008
890,5/8/77,0.01
891,5/9/77,0.005
892,5/10/77,0.002
893,5/11/77,0.002
894,5/12/77,0.005
895,5/13/77,0.005
896,5/14/77,0.003
897,5/15/77,0.144
898,5/16/77,6.33
899,5/17/77,5.27
900,5/18/77,4.496
901,5/19/77,9.143
902,5/20/77,1.556
903,5/21/77,0.619
904,5/22/77,0.249
905,5/23/77,0.137
906,5/24/77,0.085
907,5/25/77,0.051
908,5/26/77,0.034
909,5/27/77,0.022
910,5/28/77,0.023
911,5/29/77,0.485
912,5/30/77,0.212
913,5/31/77,0.1
914,6/1/77,0.061
915,6/2/77,0.038
916,6/3/77,0.031
917,6/4/77,0.024
918,6/5/77,0.021
919,6/6/77,0.018
920,6/7/77,0.015
921,6/8/77,0.015
922,6/9/77,0.013
923,6/10/77,0.012
924,6/11/77,0.017
925,6/12/77,0.016
926,6/13/77,0.012
927,6/14/77,0.01
928,6/15/77,0.01
929,6/16/77,0.01
930,6/17/77,0.009
931,6/18/77,0.008
932,6/19/77,0.067
933,6/20/77,0.112
934,6/21/77,0.055
935,6/22/77,0.036
936,6/23/77,0.067
937,6/24/77,0.07
938,6/25/77,0.98
939,6/26/77,0.353
940,6/27/77,0.147
941,6/28/77,0.098
942,6/29/77,0.064
943,6/30/77,0.042
944,7/1/77,0.131
945,7/2/77,0.146
946,7/3/77,0.084
947,7/4/77,0.061
948,7/5/77,0.045
949,7/6/77,0.044
950,7/7/77,0.043
951,7/8/77,0.041
952,7/9/77,0.044
953,7/10/77,0.039
954,7/11/77,0.031
955,7/12/77,0.031
956,7/13/77,0.025
957,7/14/77,0.02
958,7/15/77,0.02
959,7/16/77,0.017
960,7/17/77,0.014
961,7/18/77,0.013
962,7/19/77,0.013
963,7/20/77,0.013
964,7/21/77,0.013
965,7/22/77,0.013
966,7/23/77,0.013
967,7/24/77,0.013
968,7/25/77,0.013
969,7/26/77,0.013
970,7/27/77,0.011
971,7/28/77,0.009
972,7/29/77,0.008
973,7/30/77,0.01
974,7/31/77,0.008
975,8/1/77,0.008
976,8/2/77,0.008
977,8/3/77,0.008
978,8/4/77,0.008
979,8/5/77,0.007
980,8/6/77,0.006
981,8/7/77,0.006
982,8/8/77,0.006
983,8/9/77,0.006
984,8/10/77,0.006
985,8/11/77,0.005
986,8/12/77,0.004
987,8/13/77,0.526
988,8/14/77,0.13
989,8/15/77,0.047
990,8/16/77,0.027
991,8/17/77,0.016
992,8/18/77,0.012
993,8/19/77,0.01
994,8/20/77,0.008
995,8/21/77,0.008
996,8/22/77,0.008
997,8/23/77,0.007
998,8/24/77,0.005
999,8/25/77,0.005
1000,8/26/77,0.005
1001,8/27/77,0.005
1002,8/28/77,0.004
1003,8/29/77,0.003
1004,8/30/77,0.002
1005,8/31/77,0.002
1006,9/1/77,0.002
1007,9/2/77,0.002
1008,9/3/77,0.019
1009,9/4/77,0.058
1010,9/5/77,0.011
1011,9/6/77,0.006
1012,9/7/77,0.014
1013,9/8/77,0.409
1014,9/9/77,0.087
1015,9/10/77,0.04
1016,9/11/77,0.02
1017,9/12/77,0.011
1018,9/13/77,0.01
1019,9/14/77,0.01
1020,9/15/77,0.013
1021,9/16/77,0.02
1022,9/17/77,0.021
1023,9/18/77,0.011
1024,9/19/77,0.008
1025,9/20/77,0.007
1026,9/21/77,0.011
1027,9/22/77,0.007
1028,9/23/77,0.005
1029,9/24/77,0.004
1030,9/25/77,0.003
1031,9/26/77,0.002
1032,9/27/77,0.002
1033,9/28/77,0.004
1034,9/29/77,0.01
1035,9/30/77,0.003
1036,10/1/77,0.002
1037,10/2/77,0.001
1038,10/3/77,0.001
1039,10/4/77,0.001
1040,10/5/77,0.001
1041,10/6/77,0.002
1042,10/7/77,0.018
1043,10/8/77,0.005
1044,10/9/77,0.002
1045,10/10/77,0.001
1046,10/11/77,0.001
1047,10/12/77,0.001
1048,10/13/77,0
1049,10/14/77,0
1050,10/15/77,0
1051,10/16/77,0
1052,10/17/77,0
1053,10/18/77,0
1054,10/19/77,0
1055,10/20/77,0
1056,10/21/77,0
1057,10/22/77,0
1058,10/23/77,0
1059,10/24/77,0
1060,10/25/77,0.028
1061,10/26/77,0.021
1062,10/27/77,0.008
1063,10/28/77,0.002
1064,10/29/77,0.001
1065,10/30/77,0.001
1066,10/31/77,0.001
1067,11/1/77,0.001
1068,11/2/77,0
1069,11/3/77,0
1070,11/4/77,0.001
1071,11/5/77,0.064
1072,11/6/77,0.013
1073,11/7/77,0.006
1074,11/8/77,0.041
1075,11/9/77,0.008
1076,11/10/77,0.001
1077,11/11/77,0.001
1078,11/12/77,0.001
1079,11/13/77,0.001
1080,11/14/77,0
1081,11/15/77,0.001
1082,11/16/77,0
1083,11/17/77,0
1084,11/18/77,0.103
1085,11/19/77,0.101
1086,11/20/77,0.022
1087,11/21/77,0.032
1088,11/22/77,0.011
1089,11/23/77,0.002
1090,11/24/77,0.001
1091,11/25/77,0.016
1092,11/26/77,0.009
1093,11/27/77,0.002
1094,11/28/77,0.001
1095,11/29/77,0
1096,11/30/77,0
1097,12/1/77,0
1098,12/2/77,0.002
1099,12/3/77,0.034
1100,12/4/77,0.005
1101,12/5/77,0.001
1102,12/6/77,0
1103,12/7/77,0
1104,12/8/77,0
1105,12/9/77,0
1106,12/10/77,0
1107,12/11/77,0
1108,12/12/77,0
1109,12/13/77,0
1110,12/14/77,0
1111,12/15/77,0
1112,12/16/77,0
1113,12/17/77,0
1114,12/18/77,0
1115,12/19/77,0
1116,12/20/77,0
1117,12/21/77,0
1118,12/22/77,0
1119,12/23/77,0
1120,12/24/77,0
1121,12/25/77,0
1122,12/26/77,0
1123,12/27/77,0
1124,12/28/77,0
1125,12/29/77,0
1126,12/30/77,0
1127,12/31/77,0
1128,1/1/78,0
1129,1/2/78,0
1130,1/3/78,0
1131,1/4/78,0
1132,1/5/78,0
1133,1/6/78,0.001
1134,1/7/78,0
1135,1/8/78,0
1136,1/9/78,0
1137,1/10/78,0
1138,1/11/78,0
1139,1/12/78,0
1140,1/13/78,0
1141,1/14/78,0
1142,1/15/78,0
1143,1/16/78,0
1144,1/17/78,0
1145,1/18/78,0.004
1146,1/19/78,0.013
1147,1/20/78,0.002
1148,1/21/78,0.29
1149,1/22/78,0.02
1150,1/23/78,0.009
1151,1/24/78,0.003
1152,1/25/78,0.001
1153,1/26/78,0.001
1154,1/27/78,0.001
1155,1/28/78,2.02
1156,1/29/78,4.108
1157,1/30/78,1.067
1158,1/31/78,1.303
1159,2/1/78,0.234
1160,2/2/78,0.096
1161,2/3/78,0.396
1162,2/4/78,0.212
1163,2/5/78,0.077
1164,2/6/78,0.028
1165,2/7/78,0.008
1166,2/8/78,0.002
1167,2/9/78,0.001
1168,2/10/78,0.001
1169,2/11/78,0.001
1170,2/12/78,0.001
1171,2/13/78,0.001
1172,2/14/78,0.001
1173,2/15/78,0.001
1174,2/16/78,0.001
1175,2/17/78,0.001
1176,2/18/78,0.001
1177,2/19/78,0
1178,2/20/78,0
1179,2/21/78,0
1180,2/22/78,0.001
1181,2/23/78,0.001
1182,2/24/78,0
1183,2/25/78,0
1184,2/26/78,0
1185,2/27/78,0
1186,2/28/78,0
1187,3/1/78,0
1188,3/2/78,0
1189,3/3/78,0
1190,3/4/78,0
1191,3/5/78,0
1192,3/6/78,0
1193,3/7/78,0
1194,3/8/78,0
1195,3/9/78,0
1196,3/10/78,0
1197,3/11/78,0
1198,3/12/78,0
1199,3/13/78,0
1200,3/14/78,0
1201,3/15/78,0
1202,3/16/78,0
1203,3/17/78,0
1204,3/18/78,0
1205,3/19/78,0
1206,3/20/78,0.07
1207,3/21/78,0.015
1208,3/22/78,0.004
1209,3/23/78,0.007
1210,3/24/78,0.003
1211,3/25/78,0.737
1212,3/26/78,0.077
1213,3/27/78,0.018
1214,3/28/78,0.012
1215,3/29/78,0.055
1216,3/30/78,1.389
1217,3/31/78,5.559
1218,4/1/78,9.459
1219,4/2/78,6.686
1220,4/3/78,1.218
1221,4/4/78,0.459
1222,4/5/78,0.156
1223,4/6/78,0.09
1224,4/7/78,0.068
1225,4/8/78,0.052
1226,4/9/78,0.044
1227,4/10/78,0.046
1228,4/11/78,0.03
1229,4/12/78,0.02
1230,4/13/78,0.011
1231,4/14/78,0.007
1232,4/15/78,0.007
1233,4/16/78,0.006
1234,4/17/78,0.005
1235,4/18/78,0.004
1236,4/19/78,0.005
1237,4/20/78,0.003
1238,4/21/78,0.002
1239,4/22/78,0.002
1240,4/23/78,0.002
1241,4/24/78,0.002
1242,4/25/78,0.001
1243,4/26/78,0.001
1244,4/27/78,0.001
1245,4/28/78,0.001
1246,4/29/78,0.001
1247,4/30/78,0.002
1248,5/1/78,0.003
1249,5/2/78,0.008
1250,5/3/78,0.007
1251,5/4/78,0.006
1252,5/5/78,0.008
1253,5/6/78,0.008
1254,5/7/78,0.008
1255,5/8/78,0.01
1256,5/9/78,0.01
1257,5/10/78,0.006
1258,5/11/78,0.419
1259,5/12/78,0.073
1260,5/13/78,0.045
1261,5/14/78,0.027
1262,5/15/78,0.018
1263,5/16/78,0.015
1264,5/17/78,0.011
1265,5/18/78,0.011
1266,5/19/78,0.032
1267,5/20/78,0.213
1268,5/21/78,0.461
1269,5/22/78,0.274
1270,5/23/78,0.127
1271,5/24/78,0.075
1272,5/25/78,0.054
1273,5/26/78,0.039
1274,5/27/78,0.027
1275,5/28/78,0.023
1276,5/29/78,0.021
1277,5/30/78,0.02
1278,5/31/78,0.017
1279,6/1/78,0.064
1280,6/2/78,0.146
1281,6/3/78,0.067
1282,6/4/78,0.051
1283,6/5/78,0.038
1284,6/6/78,0.044
1285,6/7/78,0.063
1286,6/8/78,0.044
1287,6/9/78,0.031
1288,6/10/78,0.024
1289,6/11/78,0.017
1290,6/12/78,0.159
1291,6/13/78,0.16
1292,6/14/78,0.087
1293,6/15/78,0.123
1294,6/16/78,0.195
1295,6/17/78,0.13
1296,6/18/78,0.081
1297,6/19/78,0.067
1298,6/20/78,0.328
1299,6/21/78,0.206
1300,6/22/78,0.12
1301,6/23/78,0.077
1302,6/24/78,0.061
1303,6/25/78,0.048
1304,6/26/78,0.041
1305,6/27/78,0.029
1306,6/28/78,0.029
1307,6/29/78,0.038
1308,6/30/78,0.069
1309,7/1/78,0.05
1310,7/2/78,0.039
1311,7/3/78,1.027
1312,7/4/78,1.116
1313,7/5/78,0.578
1314,7/6/78,0.212
1315,7/7/78,0.113
1316,7/8/78,0.07
1317,7/9/78,0.053
1318,7/10/78,0.081
1319,7/11/78,1.238
1320,7/12/78,0.252
1321,7/13/78,0.118
1322,7/14/78,0.075
1323,7/15/78,0.059
1324,7/16/78,0.054
1325,7/17/78,0.045
1326,7/18/78,0.037
1327,7/19/78,0.031
1328,7/20/78,0.031
1329,7/21/78,0.03
1330,7/22/78,0.022
1331,7/23/78,0.02
1332,7/24/78,0.02
1333,7/25/78,0.015
1334,7/26/78,0.014
1335,7/27/78,0.011
1336,7/28/78,0.022
1337,7/29/78,0.029
1338,7/30/78,0.018
1339,7/31/78,0.013
1340,8/1/78,0.011
1341,8/2/78,0.014
1342,8/3/78,0.026
1343,8/4/78,0.016
1344,8/5/78,0.011
1345,8/6/78,0.01
1346,8/7/78,0.014
1347,8/8/78,0.016
1348,8/9/78,0.08
1349,8/10/78,0.03
1350,8/11/78,0.017
1351,8/12/78,0.014
1352,8/13/78,0.011
1353,8/14/78,0.011
1354,8/15/78,0.012
1355,8/16/78,0.012
1356,8/17/78,0.012
1357,8/18/78,0.012
1358,8/19/78,0.014
1359,8/20/78,0.043
1360,8/21/78,0.024
1361,8/22/78,0.016
1362,8/23/78,0.011
1363,8/24/78,0.009
1364,8/25/78,0.007
1365,8/26/78,0.007
1366,8/27/78,0.007
1367,8/28/78,0.007
1368,8/29/78,0.008
1369,8/30/78,0.01
1370,8/31/78,0.014
1371,9/1/78,0.053
1372,9/2/78,0.042
1373,9/3/78,0.023
1374,9/4/78,0.014
1375,9/5/78,0.048
1376,9/6/78,0.048
1377,9/7/78,0.025
1378,9/8/78,0.109
1379,9/9/78,0.236
1380,9/10/78,0.105
1381,9/11/78,0.051
1382,9/12/78,0.035
1383,9/13/78,0.032
1384,9/14/78,0.063
1385,9/15/78,0.031
1386,9/16/78,0.021
1387,9/17/78,0.016
1388,9/18/78,0.012
1389,9/19/78,0.01
1390,9/20/78,0.009
1391,9/21/78,0.01
1392,9/22/78,0.012
1393,9/23/78,0.019
1394,9/24/78,0.026
1395,9/25/78,0.017
1396,9/26/78,0.014
1397,9/27/78,0.01
1398,9/28/78,0.008
1399,9/29/78,0.029
1400,9/30/78,0.08
1401,10/1/78,0.029
1402,10/2/78,0.012
1403,10/3/78,0.008
1404,10/4/78,0.007
1405,10/5/78,0.006
1406,10/6/78,0.004
1407,10/7/78,0.038
1408,10/8/78,0.046
1409,10/9/78,0.02
1410,10/10/78,0.009
1411,10/11/78,0.006
1412,10/12/78,0.005
1413,10/13/78,0.004
1414,10/14/78,0.002
1415,10/15/78,0.001
1416,10/16/78,0.087
1417,10/17/78,0.03
1418,10/18/78,0.015
1419,10/19/78,0.053
1420,10/20/78,0.017
1421,10/21/78,0.007
1422,10/22/78,0.004
1423,10/23/78,0.003
1424,10/24/78,0.004
1425,10/25/78,0.004
1426,10/26/78,0.002
1427,10/27/78,0.001
1428,10/28/78,0
1429,10/29/78,0
1430,10/30/78,0.001
1431,10/31/78,0.007
1432,11/1/78,0.004
1433,11/2/78,0.011
1434,11/3/78,0.015
1435,11/4/78,0.008
1436,11/5/78,0.016
1437,11/6/78,0.063
1438,11/7/78,0.03
1439,11/8/78,0.055
1440,11/9/78,0.022
1441,11/10/78,0.007
1442,11/11/78,0.007
1443,11/12/78,0.034
1444,11/13/78,0.071
1445,11/14/78,0.081
1446,11/15/78,0.02
1447,11/16/78,0.007
1448,11/17/78,0.004
1449,11/18/78,0.002
1450,11/19/78,0.001
1451,11/20/78,0.026
1452,11/21/78,0.023
1453,11/22/78,0.004
1454,11/23/78,0.001
1455,11/24/78,0
1456,11/25/78,0
1457,11/26/78,0
1458,11/27/78,0
1459,11/28/78,0
1460,11/29/78,0
1461,11/30/78,0
1462,12/1/78,0
1463,12/2/78,0
1464,12/3/78,0
1465,12/4/78,0
1466,12/5/78,0.111
1467,12/6/78,0.036
1468,12/7/78,0.004
1469,12/8/78,0.001
1470,12/9/78,0
1471,12/10/78,0
1472,12/11/78,0
1473,12/12/78,0
1474,12/13/78,0.031
1475,12/14/78,0.548
1476,12/15/78,0.029
1477,12/16/78,0.009
1478,12/17/78,0.005
1479,12/18/78,0.003
1480,12/19/78,0.001
1481,12/20/78,0.001
1482,12/21/78,0.001
1483,12/22/78,0
1484,12/23/78,0.046
1485,12/24/78,0.065
1486,12/25/78,0.02
1487,12/26/78,0.029
1488,12/27/78,0.041
1489,12/28/78,0.456
1490,12/29/78,0.1
1491,12/30/78,0.623
1492,12/31/78,0.064
1493,1/1/79,0.02
1494,1/2/79,0.007
1495,1/3/79,0.003
1496,1/4/79,0.001
1497,1/5/79,0
1498,1/6/79,0
1499,1/7/79,0
1500,1/8/79,0
1501,1/9/79,0
1502,1/10/79,0
1503,1/11/79,0
1504,1/12/79,0
1505,1/13/79,0
1506,1/14/79,0
1507,1/15/79,0
1508,1/16/79,0.001
1509,1/17/79,0
1510,1/18/79,0.404
1511,1/19/79,0.133
1512,1/20/79,0.03
1513,1/21/79,0.008
1514,1/22/79,0.002
1515,1/23/79,0.001
1516,1/24/79,0.003
1517,1/25/79,0.032
1518,1/26/79,0.032
1519,1/27/79,0.026
1520,1/28/79,0.023
1521,1/29/79,0.011
1522,1/30/79,0.005
1523,1/31/79,0.003
1524,2/1/79,0.002
1525,2/2/79,0.002
1526,2/3/79,0.001
1527,2/4/79,0
1528,2/5/79,0
1529,2/6/79,0
1530,2/7/79,0
1531,2/8/79,0
1532,2/9/79,0
1533,2/10/79,0
1534,2/11/79,0
1535,2/12/79,0
1536,2/13/79,0
1537,2/14/79,0
1538,2/15/79,0
1539,2/16/79,0
1540,2/17/79,0
1541,2/18/79,0
1542,2/19/79,0
1543,2/20/79,0
1544,2/21/79,0
1545,2/22/79,0
1546,2/23/79,0
1547,2/24/79,0
1548,2/25/79,0
1549,2/26/79,0
1550,2/27/79,0
1551,2/28/79,0
1552,3/1/79,0
1553,3/2/79,0
1554,3/3/79,0
1555,3/4/79,0
1556,3/5/79,0.022
1557,3/6/79,0.029
1558,3/7/79,0.007
1559,3/8/79,0.002
1560,3/9/79,0.001
1561,3/10/79,0
1562,3/11/79,0
1563,3/12/79,0
1564,3/13/79,0
1565,3/14/79,0
1566,3/15/79,0
1567,3/16/79,0.109
1568,3/17/79,0.026
1569,3/18/79,0.048
1570,3/19/79,0.034
1571,3/20/79,0.012
1572,3/21/79,0.005
1573,3/22/79,0.002
1574,3/23/79,0.001
1575,3/24/79,0.002
1576,3/25/79,0.001
1577,3/26/79,0
1578,3/27/79,0
1579,3/28/79,0
1580,3/29/79,0
1581,3/30/79,0
1582,3/31/79,0
1583,4/1/79,0
1584,4/2/79,0
1585,4/3/79,0
1586,4/4/79,0
1587,4/5/79,0
1588,4/6/79,0
1589,4/7/79,0
1590,4/8/79,0
1591,4/9/79,0
1592,4/10/79,0
1593,4/11/79,0
1594,4/12/79,0
1595,4/13/79,0
1596,4/14/79,0
1597,4/15/79,0
1598,4/16/79,0
1599,4/17/79,0
1600,4/18/79,0.002
1601,4/19/79,0.025
1602,4/20/79,0.011
1603,4/21/79,0.005
1604,4/22/79,0.002
1605,4/23/79,0.001
1606,4/24/79,0
1607,4/25/79,0
1608,4/26/79,0
1609,4/27/79,0
1610,4/28/79,0.042
1611,4/29/79,0.02
1612,4/30/79,0.008
1613,5/1/79,0.003
1614,5/2/79,0.002
1615,5/3/79,0.002
1616,5/4/79,0
1617,5/5/79,0.012
1618,5/6/79,0.684
1619,5/7/79,0.72
1620,5/8/79,0.41
1621,5/9/79,0.075
1622,5/10/79,0.026
1623,5/11/79,0.013
1624,5/12/79,0.009
1625,5/13/79,0.009
1626,5/14/79,0.007
1627,5/15/79,0.007
1628,5/16/79,0.007
1629,5/17/79,0.006
1630,5/18/79,0.006
1631,5/19/79,0.005
1632,5/20/79,0.005
1633,5/21/79,0.005
1634,5/22/79,0.006
1635,5/23/79,0.007
1636,5/24/79,0.006
1637,5/25/79,0.005
1638,5/26/79,0.005
1639,5/27/79,0.005
1640,5/28/79,0.005
1641,5/29/79,0.008
1642,5/30/79,0.006
1643,5/31/79,0.005
1644,6/1/79,0.004
1645,6/2/79,0.004
1646,6/3/79,0.003
1647,6/4/79,0.003
1648,6/5/79,0.003
1649,6/6/79,0.003
1650,6/7/79,0.004
1651,6/8/79,0.004
1652,6/9/79,0.004
1653,6/10/79,0.004
1654,6/11/79,0.004
1655,6/12/79,0.004
1656,6/13/79,0.003
1657,6/14/79,0.003
1658,6/15/79,0.004
1659,6/16/79,0.004
1660,6/17/79,0.004
1661,6/18/79,0.003
1662,6/19/79,0.003
1663,6/20/79,0.02
1664,6/21/79,0.441
1665,6/22/79,0.332
1666,6/23/79,0.102
1667,6/24/79,0.037
1668,6/25/79,0.019
1669,6/26/79,0.012
1670,6/27/79,0.009
1671,6/28/79,0.008
1672,6/29/79,0.008
1673,6/30/79,0.007
1674,7/1/79,0.007
1675,7/2/79,0.006
1676,7/3/79,0.005
1677,7/4/79,0.005
1678,7/5/79,0.005
1679,7/6/79,0.005
1680,7/7/79,0.005
1681,7/8/79,0.004
1682,7/9/79,0.004
1683,7/10/79,0.005
1684,7/11/79,0.005
1685,7/12/79,0.005
1686,7/13/79,0.004
1687,7/14/79,0.004
1688,7/15/79,0.004
1689,7/16/79,0.004
1690,7/17/79,0.004
1691,7/18/79,0.003
1692,7/19/79,0.004
1693,7/20/79,0.005
1694,7/21/79,0.005
1695,7/22/79,0.004
1696,7/23/79,0.004
1697,7/24/79,0.004
1698,7/25/79,0.004
1699,7/26/79,0.003
1700,7/27/79,0.014
1701,7/28/79,0.009
1702,7/29/79,0.006
1703,7/30/79,0.005
1704,7/31/79,0.005
1705,8/1/79,0.006
1706,8/2/79,0.006
1707,8/3/79,0.005
1708,8/4/79,0.004
1709,8/5/79,0.004
1710,8/6/79,0.004
1711,8/7/79,0.004
1712,8/8/79,0.009
1713,8/9/79,0.008
1714,8/10/79,0.005
1715,8/11/79,0.004
1716,8/12/79,0.003
1717,8/13/79,0.004
1718,8/14/79,0.01
1719,8/15/79,0.006
1720,8/16/79,0.004
1721,8/17/79,0.003
1722,8/18/79,0.003
1723,8/19/79,0.004
1724,8/20/79,0.007
1725,8/21/79,0.005
1726,8/22/79,0.004
1727,8/23/79,0.003
1728,8/24/79,0.003
1729,8/25/79,0.002
1730,8/26/79,0.002
1731,8/27/79,0.002
1732,8/28/79,0.002
1733,8/29/79,0.006
1734,8/30/79,0.006
1735,8/31/79,0.005
1736,9/1/79,0.007
1737,9/2/79,0.004
1738,9/3/79,0.003
1739,9/4/79,0.002
1740,9/5/79,0.002
1741,9/6/79,0.014
1742,9/7/79,0.008
1743,9/8/79,0.004
1744,9/9/79,0.003
1745,9/10/79,0.002
1746,9/11/79,0.002
1747,9/12/79,0.039
1748,9/13/79,0.047
1749,9/14/79,0.008
1750,9/15/79,0.005
1751,9/16/79,0.004
1752,9/17/79,0.003
1753,9/18/79,0.002
1754,9/19/79,0.002
1755,9/20/79,0.002
1756,9/21/79,0.001
1757,9/22/79,0.001
1758,9/23/79,0.001
1759,9/24/79,0.001
1760,9/25/79,0.001
1761,9/26/79,0.001
1762,9/27/79,0.001
1763,9/28/79,0
1764,9/29/79,0
1765,9/30/79,0.003
1766,10/1/79,0.017
1767,10/2/79,0.007
1768,10/3/79,0.004
1769,10/4/79,0.002
1770,10/5/79,0.009
1771,10/6/79,0.009
1772,10/7/79,0.005
1773,10/8/79,0.005
1774,10/9/79,0.004
1775,10/10/79,0.002
1776,10/11/79,0.001
1777,10/12/79,0
1778,10/13/79,0
1779,10/14/79,0
1780,10/15/79,0
1781,10/16/79,0
1782,10/17/79,0.001
1783,10/18/79,0
1784,10/19/79,0
1785,10/20/79,0.003
1786,10/21/79,0.014
1787,10/22/79,0.005
1788,10/23/79,0.003
1789,10/24/79,0.002
1790,10/25/79,0.048
1791,10/26/79,0.093
1792,10/27/79,0.014
1793,10/28/79,0.005
1794,10/29/79,0.073
1795,10/30/79,0.015
1796,10/31/79,0.005
1797,11/1/79,0.003
1798,11/2/79,0.002
1799,11/3/79,0.098
1800,11/4/79,0.018
1801,11/5/79,0.006
1802,11/6/79,0.003
1803,11/7/79,0.032
1804,11/8/79,0.024
1805,11/9/79,0.017
1806,11/10/79,0.029
1807,11/11/79,0.079
1808,11/12/79,0.131
1809,11/13/79,0.041
1810,11/14/79,0.012
1811,11/15/79,0.006
1812,11/16/79,0.005
1813,11/17/79,0.005
1814,11/18/79,0.004
1815,11/19/79,0.003
1816,11/20/79,0.002
1817,11/21/79,0.05
1818,11/22/79,0.105
1819,11/23/79,0.012
1820,11/24/79,0.006
1821,11/25/79,0.149
1822,11/26/79,0.02
1823,11/27/79,0.006
1824,11/28/79,0.003
1825,11/29/79,0.002
1826,11/30/79,0.001
1827,12/1/79,0.001
1828,12/2/79,0.001
1829,12/3/79,0.001
1830,12/4/79,0
1831,12/5/79,0
1832,12/6/79,0
1833,12/7/79,0
1834,12/8/79,0
1835,12/9/79,0
1836,12/10/79,0
1837,12/11/79,0
1838,12/12/79,0
1839,12/13/79,0
1840,12/14/79,0
1841,12/15/79,0
1842,12/16/79,0
1843,12/17/79,0
1844,12/18/79,0
1845,12/19/79,0
1846,12/20/79,0
1847,12/21/79,0
1848,12/22/79,0
1849,12/23/79,0
1850,12/24/79,0
1851,12/25/79,0
1852,12/26/79,0
1853,12/27/79,0
1854,12/28/79,0
1855,12/29/79,0
1856,12/30/79,0
1857,12/31/79,0
1858,1/1/80,0
1859,1/2/80,0.001
1860,1/3/80,0
1861,1/4/80,0.001
1862,1/5/80,0
1863,1/6/80,0
1864,1/7/80,0
1865,1/8/80,0
1866,1/9/80,0
1867,1/10/80,0
1868,1/11/80,0
1869,1/12/80,0
1870,1/13/80,0
1871,1/14/80,0
1872,1/15/80,0
1873,1/16/80,0
1874,1/17/80,0
1875,1/18/80,0
1876,1/19/80,0
1877,1/20/80,0
1878,1/21/80,0
1879,1/22/80,0
1880,1/23/80,0
1881,1/24/80,0
1882,1/25/80,0
1883,1/26/80,0
1884,1/27/80,0
1885,1/28/80,0
1886,1/29/80,0
1887,1/30/80,0
1888,1/31/80,0
1889,2/1/80,0
1890,2/2/80,0
1891,2/3/80,0
1892,2/4/80,0
1893,2/5/80,0
1894,2/6/80,0.001
1895,2/7/80,0
1896,2/8/80,0
1897,2/9/80,0
1898,2/10/80,0
1899,2/11/80,0
1900,2/12/80,0
1901,2/13/80,0
1902,2/14/80,0
1903,2/15/80,0
1904,2/16/80,0
1905,2/17/80,0
1906,2/18/80,0
1907,2/19/80,0
1908,2/20/80,0
1909,2/21/80,0
1910,2/22/80,0
1911,2/23/80,0
1912,2/24/80,0
1913,2/25/80,0
1914,2/26/80,0
1915,2/27/80,0
1916,2/28/80,0
1917,2/29/80,0
1918,3/1/80,0
1919,3/2/80,0
1920,3/3/80,0
1921,3/4/80,0
1922,3/5/80,0
1923,3/6/80,0
1924,3/7/80,0
1925,3/8/80,0
1926,3/9/80,0
1927,3/10/80,0
1928,3/11/80,0
1929,3/12/80,0
1930,3/13/80,0
1931,3/14/80,0
1932,3/15/80,0
1933,3/16/80,0
1934,3/17/80,0
1935,3/18/80,0
1936,3/19/80,0
1937,3/20/80,0
1938,3/21/80,0
1939,3/22/80,0
1940,3/23/80,0
1941,3/24/80,0
1942,3/25/80,0
1943,3/26/80,0
1944,3/27/80,0
1945,3/28/80,0
1946,3/29/80,0
1947,3/30/80,0
1948,3/31/80,0
1949,4/1/80,0
1950,4/2/80,0
1951,4/3/80,0
1952,4/4/80,0
1953,4/5/80,0
1954,4/6/80,0
1955,4/7/80,0
1956,4/8/80,0
1957,4/9/80,0
1958,4/10/80,0
1959,4/11/80,0
1960,4/12/80,0
1961,4/13/80,0
1962,4/14/80,0
1963,4/15/80,0
1964,4/16/80,0
1965,4/17/80,0
1966,4/18/80,0
1967,4/19/80,0
1968,4/20/80,0
1969,4/21/80,0
1970,4/22/80,0
1971,4/23/80,0
1972,4/24/80,0
1973,4/25/80,0
1974,4/26/80,0
1975,4/27/80,0
1976,4/28/80,0
1977,4/29/80,0
1978,4/30/80,0
1979,5/1/80,0
1980,5/2/80,0
1981,5/3/80,0
1982,5/4/80,0
1983,5/5/80,0
1984,5/6/80,0
1985,5/7/80,0
1986,5/8/80,0
1987,5/9/80,0.002
1988,5/10/80,0.45
1989,5/11/80,0.038
1990,5/12/80,0.007
1991,5/13/80,0.003
1992,5/14/80,0.002
1993,5/15/80,0.003
1994,5/16/80,0.004
1995,5/17/80,0.002