,date,q_mm_per_day
0,2011-11-04,0.217363477
1,2011-11-05,0.218566183
2,2011-11-06,0.217932879
3,2011-11-07,0.209576075
4,2011-11-08,0.20704806
5,2011-11-09,0.189451886
6,2011-11-10,0.192201525
7,2011-11-11,0.202755769
8,2011-11-12,0.210781918
9,2011-11-13,0.214514099
10,2011-11-14,0.216681604
11,2011-11-15,0.225008184
12,2011-11-16,0.191973287
13,2011-11-17,0.197544989
14,2011-11-18,0.240006732
15,2011-11-19,0.208343577
16,2011-11-20,0.20288232
17,2011-11-21,0.185758908
18,2011-11-22,0.224279408
19,2011-11-23,0.218670866
20,2011-11-24,0.215852167
21,2011-11-25,0.203577045
22,2011-11-26,0.191212806
23,2011-11-27,0.1657484
24,2011-11-28,0.313433907
25,2011-11-29,0.325133178
26,2011-11-30,0.311642228
27,2011-12-01,0.290154511
28,2011-12-02,0.260543778
29,2011-12-03,
30,2011-12-04,
31,2011-12-05,
32,2011-12-06,
33,2011-12-07,
34,2011-12-08,
35,2011-12-09,
36,2011-12-10,
37,2011-12-11,
38,2011-12-12,
39,2011-12-13,
40,2011-12-14,
41,2011-12-15,
42,2011-12-16,
43,2011-12-17,
44,2011-12-18,
45,2011-12-19,
46,2011-12-20,
47,2011-12-21,
48,2011-12-22,
49,2011-12-23,
50,2011-12-24,
51,2011-12-25,
52,2011-12-26,
53,2011-12-27,
54,2011-12-28,0.211095878
55,2011-12-29,0.222882637
56,2011-12-30,0.244747841
57,2011-12-31,0.240292035
58,2012-01-01,0.205334812
59,2012-01-02,0.187995579
60,2012-01-03,0.176960628
61,2012-01-04,0.173554038
62,2012-01-05,
63,2012-01-06,
64,2012-01-07,
65,2012-01-08,
66,2012-01-09,
67,2012-01-10,
68,2012-01-11,
69,2012-01-12,
70,2012-01-13,
71,2012-01-14,
72,2012-01-15,
73,2012-01-16,
74,2012-01-17,
75,2012-01-18,
76,2012-01-19,
77,2012-01-20,
78,2012-01-21,
79,2012-01-22,0.185566326
80,2012-01-23,0.178172572
81,2012-01-24,0.157389673
82,2012-01-25,0.160428891
83,2012-01-26,0.189118675
84,2012-01-27,
85,2012-01-28,0.12943987
86,2012-01-29,0.147181736
87,2012-01-30,0.184710496
88,2012-01-31,0.19364563
89,2012-02-01,0.190457307
90,2012-02-02,0.194766921
91,2012-02-03,
92,2012-02-04,
93,2012-02-05,
94,2012-02-06,
95,2012-02-07,0.158077966
96,2012-02-08,0.160895794
97,2012-02-09,0.212053563
98,2012-02-10,0.214396778
99,2012-02-11,0.202853548
100,2012-02-12,0.197499438
101,2012-02-13,0.196473645
102,2012-02-14,0.191067199
103,2012-02-15,
104,2012-02-16,0.17256482
105,2012-02-17,0.177641852
106,2012-02-18,0.191128936
107,2012-02-19,
108,2012-02-20,0.169221683
109,2012-02-21,0.179375552
110,2012-02-22,0.210336895
111,2012-02-23,0.246249732
112,2012-02-24,0.184014174
113,2012-02-25,0.191292253
114,2012-02-26,0.195671595
115,2012-02-27,
116,2012-02-28,0.178248463
117,2012-02-29,0.18124826
118,2012-03-01,0.191506021
119,2012-03-02,0.183879458
120,2012-03-03,0.186066504
121,2012-03-04,0.187400152
122,2012-03-05,0.19456336
123,2012-03-06,0.29453975
124,2012-03-07,
125,2012-03-08,0.187127364
126,2012-03-09,0.197509084
127,2012-03-10,0.207745829
128,2012-03-11,0.227834841
129,2012-03-12,0.237447721
130,2012-03-13,0.228177219
131,2012-03-14,0.231227212
132,2012-03-15,0.221198349
133,2012-03-16,0.314193932
134,2012-03-17,0.405835059
135,2012-03-18,0.32365654
136,2012-03-19,0.277555979
137,2012-03-20,0.252823306
138,2012-03-21,0.242657662
139,2012-03-22,0.275467599
140,2012-03-23,0.297515506
141,2012-03-24,0.314338068
142,2012-03-25,0.282107435
143,2012-03-26,0.280907923
144,2012-03-27,0.329357216
145,2012-03-28,0.326058049
146,2012-03-29,0.336606164
147,2012-03-30,0.29514887
148,2012-03-31,0.163515394
149,2012-04-01,0.262296399
150,2012-04-02,0.304796359
151,2012-04-03,0.295202647
152,2012-04-04,0.312274802
153,2012-04-05,0.335325358
154,2012-04-06,0.321260838
155,2012-04-07,0.289303445
156,2012-04-08,0.273842758
157,2012-04-09,0.249652984
158,2012-04-10,0.150497928
159,2012-04-11,0.080089554
160,2012-04-12,0.2283741
161,2012-04-13,0.317601492
162,2012-04-14,0.296322768
163,2012-04-15,0.333469328
164,2012-04-16,0.344855195
165,2012-04-17,0.340157344
166,2012-04-18,0.314293873
167,2012-04-19,0.360234168
168,2012-04-20,0.198934931
169,2012-04-21,0.176193038
170,2012-04-22,0.254441162
171,2012-04-23,0.378670068
172,2012-04-24,0.178942498
173,2012-04-25,0.526923679
174,2012-04-26,0.394241149
175,2012-04-27,1.21930102
176,2012-04-28,1.166799327
177,2012-04-29,0.88681851
178,2012-04-30,0.694017416
179,2012-05-01,0.714796101
180,2012-05-02,0.711908213
181,2012-05-03,0.612767706
182,2012-05-04,0.595565221
183,2012-05-05,0.560810557
184,2012-05-06,0.481142565
185,2012-05-07,0.396481263
186,2012-05-08,0.331747338
187,2012-05-09,0.417414455
188,2012-05-10,0.742426856
189,2012-05-11,0.688578967
190,2012-05-12,0.612316393
191,2012-05-13,0.505014827
192,2012-05-14,0.388642801
193,2012-05-15,0.349722442
194,2012-05-16,0.231457417
195,2012-05-17,0.577450432
196,2012-05-18,0.651916141
197,2012-05-19,0.631762217
198,2012-05-20,0.650019593
199,2012-05-21,0.360092967
200,2012-05-22,0.620170984
201,2012-05-23,1.017806616
202,2012-05-24,0.878377939
203,2012-05-25,0.775067921
204,2012-05-26,0.612855775
205,2012-05-27,0.503464033
206,2012-05-28,0.429887794
207,2012-05-29,0.381665673
208,2012-05-30,0.366078109
209,2012-05-31,0.361468521
210,2012-06-01,0.209876646
211,2012-06-02,0.07933358
212,2012-06-03,0.366339413
213,2012-06-04,0.013899619
214,2012-06-05,0.431594655
215,2012-06-06,0.68168023
216,2012-06-07,0.532003936
217,2012-06-08,0.42607373
218,2012-06-09,0.427685747
219,2012-06-10,0.384773573
220,2012-06-11,0.269989692
221,2012-06-12,0.224150273
222,2012-06-13,0.09164743
223,2012-06-14,0.152411476
224,2012-06-15,0.120665029
225,2012-06-16,0.101526317
226,2012-06-17,0.013732837
227,2012-06-18,0.189978541
228,2012-06-19,0.25822458
229,2012-06-20,0.168237762
230,2012-06-21,0.094012711
231,2012-06-22,0.085519055
232,2012-06-23,0.145919664
233,2012-06-24,0.176059288
234,2012-06-25,0.195360201
235,2012-06-26,0.229522932
236,2012-06-27,0.207986946
237,2012-06-28,0.17739471
238,2012-06-29,0.185104101
239,2012-06-30,0.183833714
240,2012-07-01,0.210924506
241,2012-07-02,0.228633016
242,2012-07-03,0.24359
243,2012-07-04,0.240106242
244,2012-07-05,0.235975517
245,2012-07-06,0.24155509
246,2012-07-07,0.244002698
247,2012-07-08,0.250858755
248,2012-07-09,0.231569455
249,2012-07-10,0.256658791
250,2012-07-11,0.212780639
251,2012-07-12,0.208840035
252,2012-07-13,0.157084847
253,2012-07-14,0.103583793
254,2012-07-15,0.174664328
255,2012-07-16,0.178666852
256,2012-07-17,0.220228138
257,2012-07-18,0.240422505
258,2012-07-19,0.213281948
259,2012-07-20,0.226033776
260,2012-07-21,0.221092962
261,2012-07-22,0.217719366
262,2012-07-23,0.224841469
263,2012-07-24,0.225292879
264,2012-07-25,0.212872346
265,2012-07-26,0.211801474
266,2012-07-27,0.206287632
267,2012-07-28,0.208038069
268,2012-07-29,0.207789089
269,2012-07-30,0.225233755
270,2012-07-31,0.228912879
271,2012-08-01,0.221245803
272,2012-08-02,0.218595282
273,2012-08-03,0.219366288
274,2012-08-04,0.216689996
275,2012-08-05,0.221600047
276,2012-08-06,0.223793061
277,2012-08-07,0.224475676
278,2012-08-08,0.216385105
279,2012-08-09,0.212175712
280,2012-08-10,0.211467469
281,2012-08-11,0.21257317
282,2012-08-12,0.210685268
283,2012-08-13,0.211380464
284,2012-08-14,0.212752566
285,2012-08-15,0.210459127
286,2012-08-16,0.208156236
287,2012-08-17,0.20925797
288,2012-08-18,0.209000681
289,2012-08-19,0.208472833
290,2012-08-20,0.209644441
291,2012-08-21,0.218654575
292,2012-08-22,0.219121728
293,2012-08-23,0.214890495
294,2012-08-24,0.212452067
295,2012-08-25,0.208489092
296,2012-08-26,0.20545197
297,2012-08-27,0.209312069
298,2012-08-28,0.221438845
299,2012-08-29,0.218615412
300,2012-08-30,0.20843496
301,2012-08-31,0.206223784
302,2012-09-01,0.20613165
303,2012-09-02,0.209879356
304,2012-09-03,0.206023161
305,2012-09-04,0.206488604
306,2012-09-05,0.213027483
307,2012-09-06,0.211051427
308,2012-09-07,0.205603623
309,2012-09-08,0.206824911
310,2012-09-09,0.204770775
311,2012-09-10,0.205102469
312,2012-09-11,0.202158126
313,2012-09-12,0.200838769
314,2012-09-13,0.204542602
315,2012-09-14,0.207213995
316,2012-09-15,0.208845013
317,2012-09-16,0.209457625
318,2012-09-17,0.208917307
319,2012-09-18,0.211609024
320,2012-09-19,0.21110687
321,2012-09-20,0.210193727
322,2012-09-21,0.204111161
323,2012-09-22,0.20491575
324,2012-09-23,0.195725187
325,2012-09-24,0.193437878
326,2012-09-25,0.201907049
327,2012-09-26,0.205036498
328,2012-09-27,0.202318134
329,2012-09-28,0.199277399
330,2012-09-29,0.199032839
331,2012-09-30,0.200775411
332,2012-10-01,0.201657617
333,2012-10-02,0.205989449
334,2012-10-03,0.20073628
335,2012-10-04,0.199055517
336,2012-10-05,0.200474718
337,2012-10-06,0.200241674
338,2012-10-07,0.199895399
339,2012-10-08,0.202261293
340,2012-10-09,0.210108529
341,2012-10-10,0.210557648
342,2012-10-11,0.208826528
343,2012-10-12,0.199026193
344,2012-10-13,0.194742234
345,2012-10-14,0.198970319
346,2012-10-15,0.189775563
347,2012-10-16,0.118688381
348,2012-10-17,0.223976651
349,2012-10-18,0.210814242
350,2012-10-19,0.189794564
351,2012-10-20,0.153686767
352,2012-10-21,0.204326204
353,2012-10-22,0.195144287
354,2012-10-23,0.200670269
355,2012-10-24,0.192311902
356,2012-10-25,0.188848476
357,2012-10-26,0.181991217
358,2012-10-27,0.179630114
359,2012-10-28,0.098092143
360,2012-10-29,0.060592017
361,2012-10-30,0.285643453
362,2012-10-31,0.235249706
363,2012-11-01,0.202362943
364,2012-11-02,0.214894675
365,2012-11-03,0.209277713
366,2012-11-04,0.193085953
367,2012-11-05,0.186131314
368,2012-11-06,0.188559502
369,2012-11-07,0.182855664
370,2012-11-08,0.180023876
371,2012-11-09,0.194288139
372,2012-11-10,0.211424443
373,2012-11-11,0.195718325
374,2012-11-12,0.169960382
375,2012-11-13,0.184136213
376,2012-11-14,0.18834833
377,2012-11-15,0.178818492
378,2012-11-16,0.177461584
379,2012-11-17,0.182437772
380,2012-11-18,0.189282829
381,2012-11-19,0.200667018
382,2012-11-20,0.184876605
383,2012-11-21,0.201312688
384,2012-11-22,0.270646121
385,2012-11-23,0.225792881
386,2012-11-24,0.214787839
387,2012-11-25,0.226332457
388,2012-11-26,0.196043599
389,2012-11-27,0.176518578
390,2012-11-28,0.172833721
391,2012-11-29,0.196312733
392,2012-11-30,0.211284718
393,2012-12-01,0.262273688
394,2012-12-02,0.27859787
395,2012-12-03,0.497800622
396,2012-12-04,0.366803114
397,2012-12-05,0.323611474
398,2012-12-06,0.397461022
399,2012-12-07,0.353120122
400,2012-12-08,0.347590026
401,2012-12-09,0.405661525
402,2012-12-10,0.346502205
403,2012-12-11,0.36697972
404,2012-12-12,0.277306878
405,2012-12-13,0.259995098
406,2012-12-14,0.227089656
407,2012-12-15,0.252106988
408,2012-12-16,0.243917186
409,2012-12-17,0.236849318
410,2012-12-18,
411,2012-12-19,
412,2012-12-20,
413,2012-12-21,
414,2012-12-22,
415,2012-12-23,
416,2012-12-24,
417,2012-12-25,
418,2012-12-26,
419,2012-12-27,
420,2012-12-28,
421,2012-12-29,
422,2012-12-30,
423,2012-12-31,
424,2013-01-01,
425,2013-01-02,
426,2013-01-03,
427,2013-01-04,
428,2013-01-05,
429,2013-01-06,
430,2013-01-07,
431,2013-01-08,
432,2013-01-09,
433,2013-01-10,
434,2013-01-11,
435,2013-01-12,
436,2013-01-13,
437,2013-01-14,
438,2013-01-15,
439,2013-01-16,
440,2013-01-17,
441,2013-01-18,
442,2013-01-19,
443,2013-01-20,
444,2013-01-21,
445,2013-01-22,
446,2013-01-23,
447,2013-01-24,
448,2013-01-25,
449,2013-01-26,
450,2013-01-27,
451,2013-01-28,
452,2013-01-29,
453,2013-01-30,
454,2013-01-31,
455,2013-02-01,
456,2013-02-02,
457,2013-02-03,
458,2013-02-04,
459,2013-02-05,
460,2013-02-06,
461,2013-02-07,
462,2013-02-08,
463,2013-02-09,
464,2013-02-10,
465,2013-02-11,
466,2013-02-12,0.187375119
467,2013-02-13,0.203828017
468,2013-02-14,0.201970149
469,2013-02-15,0.187724298
470,2013-02-16,0.182989865
471,2013-02-17,0.194120908
472,2013-02-18,0.173128277
473,2013-02-19,0.169297607
474,2013-02-20,0.197159873
475,2013-02-21,0.180504577
476,2013-02-22,0.174610504
477,2013-02-23,0.189397834
478,2013-02-24,0.181592947
479,2013-02-25,0.178755585
480,2013-02-26,0.174151223
481,2013-02-27,0.174428398
482,2013-02-28,0.176310591
483,2013-03-01,0.18317268
484,2013-03-02,0.187947148
485,2013-03-03,0.185295389
486,2013-03-04,
487,2013-03-05,0.171823105
488,2013-03-06,0.188231937
489,2013-03-07,0.201299022
490,2013-03-08,0.191766212
491,2013-03-09,0.185366598
492,2013-03-10,0.187527205
493,2013-03-11,0.199688001
494,2013-03-12,0.202721671
495,2013-03-13,0.196171267
496,2013-03-14,0.197130719
497,2013-03-15,0.206785047
498,2013-03-16,0.2294791
499,2013-03-17,0.2409421
500,2013-03-18,0.233275332
501,2013-03-19,0.217874051
502,2013-03-20,0.219784439
503,2013-03-21,0.25129168
504,2013-03-22,0.247782982
505,2013-03-23,
506,2013-03-24,
507,2013-03-25,0.196254795
508,2013-03-26,0.211037413
509,2013-03-27,0.218206584
510,2013-03-28,0.22530352
511,2013-03-29,0.234472539
512,2013-03-30,0.23874327
513,2013-03-31,0.241740648
514,2013-04-01,0.278643905
515,2013-04-02,0.308279794
516,2013-04-03,0.345787017
517,2013-04-04,0.395085999
518,2013-04-05,0.428196934
519,2013-04-06,0.537070096
520,2013-04-07,0.547547369
521,2013-04-08,0.52478428
522,2013-04-09,0.460371629
523,2013-04-10,0.432089648
524,2013-04-11,0.40392664
525,2013-04-12,0.379148643
526,2013-04-13,0.393582761
527,2013-04-14,0.405609177
528,2013-04-15,0.391923612
529,2013-04-16,0.37963728
530,2013-04-17,0.354312868
531,2013-04-18,0.335461719
532,2013-04-19,0.334120587
533,2013-04-20,0.344033573
534,2013-04-21,0.346194102
535,2013-04-22,0.36685702
536,2013-04-23,0.373805178
537,2013-04-24,0.36537988
538,2013-04-25,0.356876159
539,2013-04-26,0.372662443
540,2013-04-27,0.428990491
541,2013-04-28,0.547046634
542,2013-04-29,0.739298633
543,2013-04-30,0.763310818
544,2013-05-01,0.680142733
545,2013-05-02,0.578429514
546,2013-05-03,0.573192152
547,2013-05-04,0.629879863
548,2013-05-05,0.604885371
549,2013-05-06,0.591620505
550,2013-05-07,0.676185435
551,2013-05-08,0.74297882
552,2013-05-09,0.83551738
553,2013-05-10,0.99789722
554,2013-05-11,1.160348678
555,2013-05-12,1.148814343
556,2013-05-13,3.313422822
557,2013-05-14,1.422915759
558,2013-05-15,1.164174033
559,2013-05-16,0.923456997
560,2013-05-17,0.778962256
561,2013-05-18,0.783552811
562,2013-05-19,0.713227929
563,2013-05-20,0.568869998
564,2013-05-21,0.48875368
565,2013-05-22,0.541193434
566,2013-05-23,0.528341815
567,2013-05-24,0.494764952
568,2013-05-25,0.428772576
569,2013-05-26,0.366082303
570,2013-05-27,0.408934797
571,2013-05-28,0.367734
572,2013-05-29,0.421447367
573,2013-05-30,0.400752124
574,2013-05-31,0.293539272
575,2013-06-01,0.19488008
576,2013-06-02,0.180000294
577,2013-06-03,0.227258817
578,2013-06-04,0.178004063
579,2013-06-05,0.11430761
580,2013-06-06,0.057901204
581,2013-06-07,
582,2013-06-08,0.014757727
583,2013-06-09,0.045002808
584,2013-06-10,0.065281578
585,2013-06-11,0.10602861
586,2013-06-12,0.11606628
587,2013-06-13,0.096865436
588,2013-06-14,0.165816027
589,2013-06-15,0.175707689
590,2013-06-16,0.161304733
591,2013-06-17,0.178825137
592,2013-06-18,0.203373736
593,2013-06-19,0.160821322
594,2013-06-20,0.23261554
595,2013-06-21,0.235155282
596,2013-06-22,0.252623683
597,2013-06-23,0.271627453
598,2013-06-24,0.2343575
599,2013-06-25,0.156654724
600,2013-06-26,0.216580792
601,2013-06-27,0.387085303
602,2013-06-28,0.321287324
603,2013-06-29,0.307989714
604,2013-06-30,0.314499947
605,2013-07-01,0.321004245
606,2013-07-02,0.322323376
607,2013-07-03,0.324808341
608,2013-07-04,0.315244921
609,2013-07-05,0.301743269
610,2013-07-06,0.290098485
611,2013-07-07,0.282219086
612,2013-07-08,0.277504912
613,2013-07-09,0.274743223
614,2013-07-10,0.266641329
615,2013-07-11,0.252920376
616,2013-07-12,0.251105316
617,2013-07-13,0.271024035
618,2013-07-14,0.267951299
619,2013-07-15,0.264802591
620,2013-07-16,0.254309446
621,2013-07-17,0.267360494
622,2013-07-18,0.267134322
623,2013-07-19,0.255222654
624,2013-07-20,0.248536928
625,2013-07-21,0.245139401
626,2013-07-22,0.246618927
627,2013-07-23,0.24992303
628,2013-07-24,0.245621683
629,2013-07-25,0.232070029
630,2013-07-26,0.228069471
631,2013-07-27,0.22709339
632,2013-07-28,0.228710923
633,2013-07-29,0.228111893
634,2013-07-30,0.237624129
635,2013-07-31,0.215955599
636,2013-08-01,0.209831837
637,2013-08-02,0.249284482
638,2013-08-03,0.237442849
639,2013-08-04,0.230569501
640,2013-08-05,0.232269039
641,2013-08-06,0.238435029
642,2013-08-07,0.228661759
643,2013-08-08,0.2153937
644,2013-08-09,0.216632989
645,2013-08-10,0.229213852
646,2013-08-11,0.225208681
647,2013-08-12,0.226183602
648,2013-08-13,0.227602609
649,2013-08-14,0.223253227
650,2013-08-15,0.21967753
651,2013-08-16,0.216692895
652,2013-08-17,0.213476603
653,2013-08-18,0.212935898
654,2013-08-19,0.215433121
655,2013-08-20,0.230538435
656,2013-08-21,0.226188279
657,2013-08-22,0.218457565
658,2013-08-23,0.22031324
659,2013-08-24,0.229507125
660,2013-08-25,0.223892808
661,2013-08-26,0.229538352
662,2013-08-27,0.235543689
663,2013-08-28,0.22363844
664,2013-08-29,0.223782964
665,2013-08-30,0.219932898
666,2013-08-31,0.212088274
667,2013-09-01,0.20901999
668,2013-09-02,0.206080486
669,2013-09-03,0.186871674
670,2013-09-04,0.213495475
671,2013-09-05,0.22573245
672,2013-09-06,0.243824528
673,2013-09-07,0.239869521
674,2013-09-08,0.21828675
675,2013-09-09,0.214429587
676,2013-09-10,0.221024117
677,2013-09-11,0.218134516
678,2013-09-12,0.207931967
679,2013-09-13,0.168931378
680,2013-09-14,0.202142738
681,2013-09-15,0.211734482
682,2013-09-16,0.197325139
683,2013-09-17,0.212786485
684,2013-09-18,0.205643883
685,2013-09-19,0.21592734
686,2013-09-20,0.214602273
687,2013-09-21,0.206167039
688,2013-09-22,0.201373215
689,2013-09-23,0.205921091
690,2013-09-24,0.177036434
691,2013-09-25,0.217677332
692,2013-09-26,0.246128457
693,2013-09-27,0.223195547
694,2013-09-28,0.185768263
695,2013-09-29,
696,2013-09-30,
697,2013-10-01,0.568891483
698,2013-10-02,0.374202811
699,2013-10-03,0.321409201
700,2013-10-04,0.296357964
701,2013-10-05,0.267157742
702,2013-10-06,0.250480317
703,2013-10-07,0.248365435
704,2013-10-08,0.266439932
705,2013-10-09,0.253614475
706,2013-10-10,0.239329332
707,2013-10-11,0.229120363
708,2013-10-12,0.220246527
709,2013-10-13,0.217501258
710,2013-10-14,0.219608365
711,2013-10-15,0.220475216
712,2013-10-16,0.21441607
713,2013-10-17,0.205744727
714,2013-10-18,0.204905459
715,2013-10-19,0.197666963
716,2013-10-20,0.194806399
717,2013-10-21,0.19576377
718,2013-10-22,0.200842317
719,2013-10-23,0.197148582
720,2013-10-24,0.190797938
721,2013-10-25,0.190123032
722,2013-10-26,0.182462451
723,2013-10-27,0.179194704
724,2013-10-28,0.176328688
725,2013-10-29,0.187819625
726,2013-10-30,0.186056859
727,2013-10-31,0.180410573
728,2013-11-01,0.179454571
729,2013-11-02,0.177134245
730,2013-11-03,0.186881809
731,2013-11-04,0.191955446
732,2013-11-05,
733,2013-11-06,0.192100262
734,2013-11-07,0.1594268
735,2013-11-08,0.215612259
736,2013-11-09,0.21493711
737,2013-11-10,0.194597872
738,2013-11-11,0.187927986
739,2013-11-12,0.187540256
740,2013-11-13,0.174295295
741,2013-11-14,0.1906723
742,2013-11-15,0.189065979
743,2013-11-16,0.183773065
744,2013-11-17,0.194651559
745,2013-11-18,0.228048196
746,2013-11-19,0.187202562
747,2013-11-20,0.215196309
748,2013-11-21,0.226946907
749,2013-11-22,0.175920031
750,2013-11-23,0.157434385
751,2013-11-24,0.174827347
752,2013-11-25,
753,2013-11-26,
754,2013-11-27,
755,2013-11-28,
756,2013-11-29,
757,2013-11-30,
758,2013-12-01,
759,2013-12-02,
760,2013-12-03,
761,2013-12-04,
762,2013-12-05,
763,2013-12-06,
764,2013-12-07,
765,2013-12-08,
766,2013-12-09,
767,2013-12-10,
768,2013-12-11,
769,2013-12-12,
770,2013-12-13,
771,2013-12-14,
772,2013-12-15,
773,2013-12-16,
774,2013-12-17,
775,2013-12-18,
776,2013-12-19,
777,2013-12-20,0.184902035
778,2013-12-21,0.198029442
779,2013-12-22,0.225488904
780,2013-12-23,0.326762075
781,2013-12-24,0.316968516
782,2013-12-25,0.258458163
783,2013-12-26,0.257919168
784,2013-12-27,0.308239492
785,2013-12-28,0.321841571
786,2013-12-29,0.29612691
787,2013-12-30,0.297544821
788,2013-12-31,0.341692574
789,2014-01-01,0.323505556
790,2014-01-02,0.282370245
791,2014-01-03,0.28819466
792,2014-01-04,
793,2014-01-05,
794,2014-01-06,
795,2014-01-07,0.353585822
796,2014-01-08,0.346835125
797,2014-01-09,0.334925419
798,2014-01-10,0.214448693
799,2014-01-11,0.214121773
800,2014-01-12,0.224871544
801,2014-01-13,0.220752109
802,2014-01-14,0.208936091
803,2014-01-15,0.186511968
804,2014-01-16,
805,2014-01-17,
806,2014-01-18,
807,2014-01-19,
808,2014-01-20,
809,2014-01-21,
810,2014-01-22,
811,2014-01-23,
812,2014-01-24,
813,2014-01-25,
814,2014-01-26,
815,2014-01-27,
816,2014-01-28,
817,2014-01-29,
818,2014-01-30,
819,2014-01-31,
820,2014-02-01,
821,2014-02-02,
822,2014-02-03,
823,2014-02-04,
824,2014-02-05,
825,2014-02-06,
826,2014-02-07,
827,2014-02-08,
828,2014-02-09,
829,2014-02-10,
830,2014-02-11,
831,2014-02-12,
832,2014-02-13,
833,2014-02-14,
834,2014-02-15,
835,2014-02-16,
836,2014-02-17,
837,2014-02-18,
838,2014-02-19,
839,2014-02-20,
840,2014-02-21,
841,2014-02-22,
842,2014-02-23,
843,2014-02-24,
844,2014-02-25,0.168297839
845,2014-02-26,0.185568197
846,2014-02-27,0.182741377
847,2014-02-28,0.192852115
848,2014-03-01,0.201745888
849,2014-03-02,0.191561856
850,2014-03-03,0.196055535
851,2014-03-04,0.226149899
852,2014-03-05,0.231323161
853,2014-03-06,0.303970785
854,2014-03-07,0.437819164
855,2014-03-08,0.339192908
856,2014-03-09,0.301654368
857,2014-03-10,0.392205853
858,2014-03-11,0.518002743
859,2014-03-12,0.422204663
860,2014-03-13,0.377530141
861,2014-03-14,0.368535137
862,2014-03-15,0.348028098
863,2014-03-16,0.324069078
864,2014-03-17,0.327846688
865,2014-03-18,0.320959694
866,2014-03-19,0.297473407
867,2014-03-20,0.288140289
868,2014-03-21,0.262358918
869,2014-03-22,0.249898771
870,2014-03-23,0.251323875
871,2014-03-24,0.254071982
872,2014-03-25,0.274339913
873,2014-03-26,0.296299219
874,2014-03-27,0.305873672
875,2014-03-28,0.27709231
876,2014-03-29,0.284738923
877,2014-03-30,0.320175332
878,2014-03-31,0.292171074
879,2014-04-01,0.281519212
880,2014-04-02,0.2795625
881,2014-04-03,0.277054953
882,2014-04-04,0.272239677
883,2014-04-05,0.283599188
884,2014-04-06,0.281677865
885,2014-04-07,0.294501837
886,2014-04-08,0.351820097
887,2014-04-09,0.483402086
888,2014-04-10,0.573534266
889,2014-04-11,0.556090189
890,2014-04-12,0.548489449
891,2014-04-13,0.537401532
892,2014-04-14,0.487870797
893,2014-04-15,0.456153641
894,2014-04-16,0.46736608
895,2014-04-17,0.41099503
896,2014-04-18,0.415224148
897,2014-04-19,0.587621916
898,2014-04-20,0.618879951
899,2014-04-21,0.678820408
900,2014-04-22,0.820526297
901,2014-04-23,0.878624403
902,2014-04-24,0.791729032
903,2014-04-25,0.726941233
904,2014-04-26,0.745677021
905,2014-04-27,0.711690557
906,2014-04-28,0.664412323
907,2014-04-29,0.601844378
908,2014-04-30,0.543981672
909,2014-05-01,0.500890102
910,2014-05-02,0.659815896
911,2014-05-03,1.118317516
912,2014-05-04,1.526784664
913,2014-05-05,1.650053303
914,2014-05-06,0.930236709
915,2014-05-07,0.927061064
916,2014-05-08,0.865584724
917,2014-05-09,0.881828773
918,2014-05-10,0.929023745
919,2014-05-11,0.839305973
920,2014-05-12,0.780576545
921,2014-05-13,0.755170742
922,2014-05-14,0.670387091
923,2014-05-15,0.661221129
924,2014-05-16,2.554695144
925,2014-05-17,3.066016214
926,2014-05-18,3.264662086
927,2014-05-19,2.895105431
928,2014-05-20,1.870295318
929,2014-05-21,1.948550251
930,2014-05-22,2.217598723
931,2014-05-23,2.38533819
932,2014-05-24,2.477010577
933,2014-05-25,2.481755979
934,2014-05-26,2.322005949
935,2014-05-27,2.142593632
936,2014-05-28,2.177840579
937,2014-05-29,2.130098348
938,2014-05-30,2.397377818
939,2014-05-31,2.210939984
940,2014-06-01,2.099750157
941,2014-06-02,1.956824528
942,2014-06-03,1.926542671
943,2014-06-04,1.9366006
944,2014-06-05,1.882148486
945,2014-06-06,1.805135874
946,2014-06-07,1.681266694
947,2014-06-08,1.560481219
948,2014-06-09,1.501994062
949,2014-06-10,1.492237439
950,2014-06-11,1.430974657
951,2014-06-12,1.334840108
952,2014-06-13,1.270476202
953,2014-06-14,1.201168174
954,2014-06-15,1.107897642
955,2014-06-16,1.132157903
956,2014-06-17,1.098053917
957,2014-06-18,1.003593324
958,2014-06-19,0.939362328
959,2014-06-20,0.905349637
960,2014-06-21,0.918218998
961,2014-06-22,0.909294675
962,2014-06-23,0.873202201
963,2014-06-24,0.814095536
964,2014-06-25,0.078882267
965,2014-06-26,0.047811015
966,2014-06-27,0.044735375
967,2014-06-28,0.099819779
968,2014-06-29,0.145228532
969,2014-06-30,0.128899317
970,2014-07-01,0.138972086
971,2014-07-02,0.155396789
972,2014-07-03,0.176460889
973,2014-07-04,0.183455049
974,2014-07-05,0.17096932
975,2014-07-06,0.181304327
976,2014-07-07,0.206492765
977,2014-07-08,0.217135208
978,2014-07-09,0.193530463
979,2014-07-10,0.222780074
980,2014-07-11,0.230625601
981,2014-07-12,0.224109511
982,2014-07-13,0.227068292
983,2014-07-14,0.232194648
984,2014-07-15,0.232520094
985,2014-07-16,0.226330254
986,2014-07-17,0.220883494
987,2014-07-18,0.220041516
988,2014-07-19,0.229858014
989,2014-07-20,0.227574027
990,2014-07-21,0.213842589
991,2014-07-22,0.23134596
992,2014-07-23,0.220297561
993,2014-07-24,0.24295871
994,2014-07-25,0.236238143
995,2014-07-26,0.224822049
996,2014-07-27,0.223604535
997,2014-07-28,0.208563838
998,2014-07-29,0.221854285
999,2014-07-30,0.223727251
1000,2014-07-31,0.228524623
1001,2014-08-01,0.210232051
1002,2014-08-02,0.198180312
1003,2014-08-03,0.200906579
1004,2014-08-04,0.202111414
1005,2014-08-05,0.227388469
1006,2014-08-06,0.220228687
1007,2014-08-07,0.231273988
1008,2014-08-08,0.234432213
1009,2014-08-09,0.235347324
1010,2014-08-10,0.218396562
1011,2014-08-11,0.214827704
1012,2014-08-12,0.208483608
1013,2014-08-13,0.199956305
1014,2014-08-14,0.223079767
1015,2014-08-15,0.325752292
1016,2014-08-16,0.268375062
1017,2014-08-17,0.243648583
1018,2014-08-18,0.24123688
1019,2014-08-19,0.24190385
1020,2014-08-20,0.238832081
1021,2014-08-21,0.259002684
1022,2014-08-22,0.232797162
1023,2014-08-23,0.229564095
1024,2014-08-24,0.240669787
1025,2014-08-25,0.24572314
1026,2014-08-26,0.262944109
1027,2014-08-27,0.25520975
1028,2014-08-28,0.243098846
1029,2014-08-29,0.232268555
1030,2014-08-30,0.215936179
1031,2014-08-31,0.214497042
1032,2014-09-01,0.232277265
1033,2014-09-02,0.23805459
1034,2014-09-03,0.241923496
1035,2014-09-04,0.232652155
1036,2014-09-05,0.220875333
1037,2014-09-06,0.223586373
1038,2014-09-07,0.221593254
1039,2014-09-08,0.227813587
1040,2014-09-09,0.232951815
1041,2014-09-10,0.228323549
1042,2014-09-11,0.219455454
1043,2014-09-12,0.216489615
1044,2014-09-13,0.218389702
1045,2014-09-14,0.220924851
1046,2014-09-15,0.222237783
1047,2014-09-16,0.222498028
1048,2014-09-17,0.219413291
1049,2014-09-18,0.214816168
1050,2014-09-19,0.208919985
1051,2014-09-20,0.208686659
1052,2014-09-21,0.209453322
1053,2014-09-22,0.208090475
1054,2014-09-23,0.218083397
1055,2014-09-24,0.222671454
1056,2014-09-25,0.216525296
1057,2014-09-26,0.20339032
1058,2014-09-27,0.189466644
1059,2014-09-28,0.204907816
1060,2014-09-29,0.201978407
1061,2014-09-30,0.228684553
1062,2014-10-01,0.252453255
1063,2014-10-02,0.236402313
1064,2014-10-03,0.222654861
1065,2014-10-04,0.215977812
1066,2014-10-05,0.213273528
1067,2014-10-06,0.211812938
1068,2014-10-07,0.217324162
1069,2014-10-08,0.211943915
1070,2014-10-09,0.211761755
1071,2014-10-10,0.205660729
1072,2014-10-11,0.199497677
1073,2014-10-12,0.206985205
1074,2014-10-13,0.212662857
1075,2014-10-14,0.214228802
1076,2014-10-15,0.194842917
1077,2014-10-16,0.193786475
1078,2014-10-17,0.195768675
1079,2014-10-18,0.193250836
1080,2014-10-19,0.189714337
1081,2014-10-20,0.188945222
1082,2014-10-21,0.133451107
1083,2014-10-22,0.225216972
1084,2014-10-23,0.124079283
1085,2014-10-24,0.168466531
1086,2014-10-25,0.27146496
1087,2014-10-26,0.228311673
1088,2014-10-27,0.228421286
1089,2014-10-28,0.225506743
1090,2014-10-29,0.191535626
1091,2014-10-30,0.198403055
1092,2014-10-31,0.194034395
1093,2014-11-01,0.175879891
1094,2014-11-02,0.208288499
1095,2014-11-03,0.21756292
1096,2014-11-04,0.192658292
1097,2014-11-05,0.189266797
1098,2014-11-06,0.185543123
1099,2014-11-07,0.185505218
1100,2014-11-08,0.200929973
1101,2014-11-09,0.264652042
1102,2014-11-10,0.281378444
1103,2014-11-11,0.281322273
1104,2014-11-12,0.290984295
1105,2014-11-13,0.236252763
1106,2014-11-14,0.168896505
1107,2014-11-15,0.185370372
1108,2014-11-16,0.169021711
1109,2014-11-17,0.224902863
1110,2014-11-18,
1111,2014-11-19,
1112,2014-11-20,
1113,2014-11-21,0.217459482
1114,2014-11-22,0.220186072
1115,2014-11-23,0.211561312
1116,2014-11-24,0.193286838
1117,2014-11-25,0.180874822
1118,2014-11-26,0.186581665
1119,2014-11-27,0.29473696
1120,2014-11-28,0.313324515
1121,2014-11-29,0.328798614
1122,2014-11-30,0.355009281
1123,2014-12-01,0.285217533
1124,2014-12-02,
1125,2014-12-03,
1126,2014-12-04,0.226449873
1127,2014-12-05,0.220255333
1128,2014-12-06,0.211243296
1129,2014-12-07,0.207354744
1130,2014-12-08,0.20081204
1131,2014-12-09,0.195047314
1132,2014-12-10,0.193232674
1133,2014-12-11,0.191957158
1134,2014-12-12,0.190691739
1135,2014-12-13,0.202392041
1136,2014-12-14,0.207501776
1137,2014-12-15,0.200735966
1138,2014-12-16,0.193360535
1139,2014-12-17,0.204080288
1140,2014-12-18,0.198944318
1141,2014-12-19,0.191692886
1142,2014-12-20,0.191842958
1143,2014-12-21,0.187110557
1144,2014-12-22,0.205333351
1145,2014-12-23,0.192662097
1146,2014-12-24,0.165493752
1147,2014-12-25,0.197910266
1148,2014-12-26,0.193534242
1149,2014-12-27,0.15381058
1150,2014-12-28,0.155122635
1151,2014-12-29,
1152,2014-12-30,
1153,2014-12-31,
1154,2015-01-01,
1155,2015-01-02,
1156,2015-01-03,
1157,2015-01-04,
1158,2015-01-05,0.356954693
1159,2015-01-06,0.343148095
1160,2015-01-07,0.325001649
1161,2015-01-08,0.221103345
1162,2015-01-09,0.213284012
1163,2015-01-10,0.205947931
1164,2015-01-11,0.192744846
1165,2015-01-12,0.196435258
1166,2015-01-13,0.19463601
1167,2015-01-14,0.19055555
1168,2015-01-15,
1169,2015-01-16,
1170,2015-01-17,
1171,2015-01-18,
1172,2015-01-19,
1173,2015-01-20,
1174,2015-01-21,
1175,2015-01-22,
1176,2015-01-23,0.244433752
1177,2015-01-24,0.23044214
1178,2015-01-25,0.200397421
1179,2015-01-26,0.187309051
1180,2015-01-27,0.169393563
1181,2015-01-28,0.178691037
1182,2015-01-29,0.182912893
1183,2015-01-30,0.172794734
1184,2015-01-31,0.176810713
1185,2015-02-01,0.156940399
1186,2015-02-02,0.179690633
1187,2015-02-03,0.184807215
1188,2015-02-04,0.17921284
1189,2015-02-05,0.172388779
1190,2015-02-06,0.169853281
1191,2015-02-07,0.165488153
1192,2015-02-08,0.385681207
1193,2015-02-09,0.368508426
1194,2015-02-10,0.490429184
1195,2015-02-11,0.430765159
1196,2015-02-12,0.374008118
1197,2015-02-13,0.338925734
1198,2015-02-14,0.317814503
1199,2015-02-15,0.309887327
1200,2015-02-16,0.306884594
1201,2015-02-17,0.289347738
1202,2015-02-18,0.25684164
1203,2015-02-19,0.25116421
1204,2015-02-20,0.238731979
1205,2015-02-21,0.237002767
1206,2015-02-22,
1207,2015-02-23,0.179313807
1208,2015-02-24,0.192725164
1209,2015-02-25,0.234941239
1210,2015-02-26,0.22736121
1211,2015-02-27,0.216999394
1212,2015-02-28,0.207915212
1213,2015-03-01,
1214,2015-03-02,0.197088643
1215,2015-03-03,0.204521143
1216,2015-03-04,0.201053489
1217,2015-03-05,0.175386641
1218,2015-03-06,0.19040495
1219,2015-03-07,0.179871416
1220,2015-03-08,0.171326048
1221,2015-03-09,0.166862112
1222,2015-03-10,0.174909778
1223,2015-03-11,0.176540215
1224,2015-03-12,0.185954821
1225,2015-03-13,0.177366031
1226,2015-03-14,0.163907123
1227,2015-03-15,
1228,2015-03-16,0.254080822
1229,2015-03-17,0.349239514
1230,2015-03-18,0.424208474
1231,2015-03-19,0.410455197
1232,2015-03-20,0.35326746
1233,2015-03-21,0.337458917
1234,2015-03-22,0.373985284
1235,2015-03-23,0.398533625
1236,2015-03-24,0.418684968
1237,2015-03-25,0.400125899
1238,2015-03-26,0.349401974
1239,2015-03-27,0.271351632
1240,2015-03-28,0.27208754
1241,2015-03-29,0.409059642
1242,2015-03-30,0.405805606
1243,2015-03-31,0.404456183
1244,2015-04-01,0.521633733
1245,2015-04-02,0.53298947
1246,2015-04-03,0.465971558
1247,2015-04-04,0.448676166
1248,2015-04-05,0.41774105
1249,2015-04-06,0.408320572
1250,2015-04-07,0.396859153
1251,2015-04-08,0.381661424
1252,2015-04-09,0.367408822
1253,2015-04-10,0.345803921
1254,2015-04-11,0.342038002
1255,2015-04-12,0.354920479
1256,2015-04-13,0.336888776
1257,2015-04-14,0.357945275
1258,2015-04-15,0.379342665
1259,2015-04-16,0.345466272
1260,2015-04-17,0.326014595
1261,2015-04-18,0.327032635
1262,2015-04-19,0.362835227
1263,2015-04-20,0.372859197
1264,2015-04-21,0.367537216
1265,2015-04-22,0.428622298
1266,2015-04-23,0.506240929
1267,2015-04-24,0.653505633
1268,2015-04-25,0.660125362
1269,2015-04-26,0.607111443
1270,2015-04-27,0.538140699
1271,2015-04-28,0.498388769
1272,2015-04-29,0.515572353
1273,2015-04-30,0.595389012
1274,2015-05-01,0.620593909
1275,2015-05-02,0.622105598
1276,2015-05-03,0.696343554
1277,2015-05-04,0.69297306
1278,2015-05-05,0.615027199
1279,2015-05-06,0.697456421
1280,2015-05-07,0.732462954
1281,2015-05-08,0.617788104
1282,2015-05-09,0.539399177
1283,2015-05-10,0.53656252
1284,2015-05-11,0.540310603
1285,2015-05-12,0.538842718
1286,2015-05-13,0.545208229
1287,2015-05-14,0.534199579
1288,2015-05-15,0.427335407
1289,2015-05-16,0.674972078
1290,2015-05-17,0.712060156
1291,2015-05-18,0.544704369
1292,2015-05-19,0.470501465
1293,2015-05-20,0.448452606
1294,2015-05-21,0.310602718
1295,2015-05-22,0.27734632
1296,2015-05-23,0.230778996
1297,2015-05-24,0.20907596
1298,2015-05-25,0.196980831
1299,2015-05-26,0.13264255
1300,2015-05-27,0.117870371
1301,2015-05-28,0.18826175
1302,2015-05-29,0.152382037
1303,2015-05-30,0.111157773
1304,2015-05-31,0.070148276
1305,2015-06-01,0.037061115
1306,2015-06-02,0.065882898
1307,2015-06-03,0.117995862
1308,2015-06-04,0.138740784
1309,2015-06-05,0.140896054
1310,2015-06-06,0.144803349
1311,2015-06-07,0.127468277
1312,2015-06-08,0.121433455
1313,2015-06-09,0.114496975
1314,2015-06-10,0.127201489
1315,2015-06-11,0.170858218
1316,2015-06-12,0.164749844
1317,2015-06-13,0.166824142
1318,2015-06-14,0.159916308
1319,2015-06-15,0.163844507
1320,2015-06-16,0.187695522
1321,2015-06-17,0.192862752
1322,2015-06-18,0.197977205
1323,2015-06-19,0.191478037
1324,2015-06-20,0.195220613
1325,2015-06-21,0.181868808
1326,2015-06-22,0.20537916
1327,2015-06-23,0.216129673
1328,2015-06-24,0.217809371
1329,2015-06-25,0.211701311
1330,2015-06-26,0.202469432
1331,2015-06-27,0.198541491
1332,2015-06-28,0.203828275
1333,2015-06-29,0.208882209
1334,2015-06-30,0.222317954
1335,2015-07-01,0.218862263
1336,2015-07-02,0.20789661
1337,2015-07-03,0.19910352
1338,2015-07-04,0.194974923
1339,2015-07-05,0.189278344
1340,2015-07-06,0.195255307
1341,2015-07-07,0.204541693
1342,2015-07-08,0.203847728
1343,2015-07-09,0.200621532
1344,2015-07-10,0.155594799
1345,2015-07-11,0.208160011
1346,2015-07-12,0.232219749
1347,2015-07-13,0.230428354
1348,2015-07-14,0.233477304
1349,2015-07-15,0.253966558
1350,2015-07-16,0.2645509
1351,2015-07-17,0.235206841
1352,2015-07-18,0.214499009
1353,2015-07-19,0.212456874
1354,2015-07-20,0.225847875
1355,2015-07-21,0.235937519
1356,2015-07-22,0.225525826
1357,2015-07-23,0.217687365
1358,2015-07-24,0.238605779
1359,2015-07-25,0.225365173
1360,2015-07-26,0.225888774
1361,2015-07-27,0.201609092
1362,2015-07-28,0.238130086
1363,2015-07-29,0.233649883
1364,2015-07-30,0.22695706
1365,2015-07-31,0.219522651
1366,2015-08-01,0.216207548
1367,2015-08-02,0.215565999
1368,2015-08-03,0.214525462
1369,2015-08-04,0.219552298
1370,2015-08-05,0.203589424
1371,2015-08-06,0.225400594
1372,2015-08-07,0.226791116
1373,2015-08-08,0.201309567
1374,2015-08-09,0.202898422
1375,2015-08-10,0.212196861
1376,2015-08-11,0.194235241
1377,2015-08-12,0.202766705
1378,2015-08-13,0.201557096
1379,2015-08-14,0.204987657
1380,2015-08-15,0.204604186
1381,2015-08-16,0.201775074
1382,2015-08-17,0.20231044
1383,2015-08-18,0.209249195
1384,2015-08-19,0.206760908
1385,2015-08-20,0.208138494
1386,2015-08-21,0.202598213
1387,2015-08-22,0.197794453
1388,2015-08-23,0.1993555
1389,2015-08-24,0.201910081
1390,2015-08-25,0.205599688
1391,2015-08-26,0.202408913
1392,2015-08-27,0.199194621
1393,2015-08-28,0.192195041
1394,2015-08-29,0.191600398
1395,2015-08-30,0.18642849
1396,2015-08-31,0.195514435
1397,2015-09-01,0.19532807
1398,2015-09-02,0.195311263
1399,2015-09-03,0.192196525
1400,2015-09-04,0.166860821
1401,2015-09-05,0.16081787
1402,2015-09-06,0.180106912
1403,2015-09-07,0.187817432
1404,2015-09-08,0.193378068
1405,2015-09-09,0.190575668
1406,2015-09-10,0.188145946
1407,2015-09-11,0.185487217
1408,2015-09-12,0.182734755
1409,2015-09-13,0.182860922
1410,2015-09-14,0.177241702
1411,2015-09-15,0.147117273
1412,2015-09-16,0.187081652
1413,2015-09-17,0.187159108
1414,2015-09-18,0.200791121
1415,2015-09-19,0.2114535
1416,2015-09-20,0.197770452
1417,2015-09-21,0.193521559
1418,2015-09-22,0.195830225
1419,2015-09-23,0.191067371
1420,2015-09-24,0.190483147
1421,2015-09-25,0.187705587
1422,2015-09-26,0.18594553
1423,2015-09-27,0.18224973
1424,2015-09-28,0.183076643
1425,2015-09-29,0.190561198
1426,2015-09-30,0.186656954
1427,2015-10-01,0.185174136
1428,2015-10-02,0.180596776
1429,2015-10-03,0.180334633
1430,2015-10-04,0.182087722
1431,2015-10-05,0.184937866
1432,2015-10-06,0.192423891
1433,2015-10-07,0.18559077
1434,2015-10-08,0.184284801
1435,2015-10-09,0.185282626
1436,2015-10-10,0.184057628
1437,2015-10-11,0.183941171
1438,2015-10-12,0.184774987
1439,2015-10-13,0.189436675
1440,2015-10-14,0.186617371
1441,2015-10-15,0.186411651
1442,2015-10-16,0.185198549
1443,2015-10-17,0.183773259
1444,2015-10-18,0.183207972
1445,2015-10-19,0.163558686
1446,2015-10-20,0.216410719
1447,2015-10-21,0.217165467
1448,2015-10-22,0.204951719
1449,2015-10-23,0.199025806
1450,2015-10-24,0.195729607
1451,2015-10-25,0.19269113
1452,2015-10-26,0.189726787
1453,2015-10-27,0.200789089
1454,2015-10-28,0.200486848
1455,2015-10-29,0.193844834
1456,2015-10-30,0.199498153
1457,2015-10-31,0.164920788
1458,2015-11-01,0.160032004
1459,2015-11-02,0.258407299
1460,2015-11-03,0.241076453
1461,2015-11-04,0.224270376
1462,2015-11-05,0.209535693
1463,2015-11-06,0.20318059
1464,2015-11-07,0.182343002
1465,2015-11-08,0.169974673
1466,2015-11-09,0.192930884
1467,2015-11-10,0.217917046
1468,2015-11-11,0.18219822
1469,2015-11-12,0.161394593
1470,2015-11-13,0.193696794
1471,2015-11-14,0.198539781
1472,2015-11-15,0.196258408
1473,2015-11-16,0.199580899
1474,2015-11-17,0.194117557
1475,2015-11-18,0.200118571
1476,2015-11-19,0.20435014
1477,2015-11-20,0.200375867
1478,2015-11-21,0.125785491
1479,2015-11-22,0.11498724
1480,2015-11-23,
1481,2015-11-24,
1482,2015-11-25,
1483,2015-11-26,
1484,2015-11-27,
1485,2015-11-28,
1486,2015-11-29,0.149418172
1487,2015-11-30,0.169431046
1488,2015-12-01,0.207042769
1489,2015-12-02,0.216784682
1490,2015-12-03,0.237870081
1491,2015-12-04,0.280014168
1492,2015-12-05,0.287468094
1493,2015-12-06,0.249155636
1494,2015-12-07,0.241170716
1495,2015-12-08,0.208420443
1496,2015-12-09,0.275551232
1497,2015-12-10,0.294346023
1498,2015-12-11,0.259906343
1499,2015-12-12,0.237770802
1500,2015-12-13,0.223701185
1501,2015-12-14,0.223459947
1502,2015-12-15,0.209418422
1503,2015-12-16,0.173264744
1504,2015-12-17,
1505,2015-12-18,0.202662345
1506,2015-12-19,0.217737399
1507,2015-12-20,0.211884716
1508,2015-12-21,0.196826601
1509,2015-12-22,0.193843396
1510,2015-12-23,0.184161279
1511,2015-12-24,0.188534549
1512,2015-12-25,
1513,2015-12-26,
1514,2015-12-27,
1515,2015-12-28,
1516,2015-12-29,
1517,2015-12-30,
1518,2015-12-31,
1519,2016-01-01,
1520,2016-01-02,
1521,2016-01-03,
1522,2016-01-04,
1523,2016-01-05,
1524,2016-01-06,
1525,2016-01-07,
1526,2016-01-08,
1527,2016-01-09,
1528,2016-01-10,
1529,2016-01-11,
1530,2016-01-12,
1531,2016-01-13,
1532,2016-01-14,
1533,2016-01-15,
1534,2016-01-16,
1535,2016-01-17,
1536,2016-01-18,
1537,2016-01-19,
1538,2016-01-20,
1539,2016-01-21,
1540,2016-01-22,
1541,2016-01-23,
1542,2016-01-24,
1543,2016-01-25,
1544,2016-01-26,
1545,2016-01-27,
1546,2016-01-28,
1547,2016-01-29,
1548,2016-01-30,
1549,2016-01-31,
1550,2016-02-01,
1551,2016-02-02,
1552,2016-02-03,
1553,2016-02-04,
1554,2016-02-05,
1555,2016-02-06,
1556,2016-02-07,
1557,2016-02-08,
1558,2016-02-09,
1559,2016-02-10,
1560,2016-02-11,
1561,2016-02-12,
1562,2016-02-13,
1563,2016-02-14,0.245443352
1564,2016-02-15,0.233304866
1565,2016-02-16,0.255340143
1566,2016-02-17,0.255587253
1567,2016-02-18,0.25180419
1568,2016-02-19,0.24721599
1569,2016-02-20,0.236897201
1570,2016-02-21,0.197358102
1571,2016-02-22,0.207810623
1572,2016-02-23,
1573,2016-02-24,0.18570355
1574,2016-02-25,0.211179781
1575,2016-02-26,0.203435642
1576,2016-02-27,0.206208912
1577,2016-02-28,0.221288902
1578,2016-02-29,0.227292625
1579,2016-03-01,0.224794047
1580,2016-03-02,0.228777249
1581,2016-03-03,0.227882881
1582,2016-03-04,0.22714765
1583,2016-03-05,0.216726638
1584,2016-03-06,0.241843782
1585,2016-03-07,0.298969548
1586,2016-03-08,0.291641563
1587,2016-03-09,0.274762579
1588,2016-03-10,0.254207054
1589,2016-03-11,0.268076144
1590,2016-03-12,0.319433843
1591,2016-03-13,0.348228981
1592,2016-03-14,0.367242297
1593,2016-03-15,0.34397257
1594,2016-03-16,0.31378704
1595,2016-03-17,0.300843208
1596,2016-03-18,0.261263839
1597,2016-03-19,0.259515798
1598,2016-03-20,0.237974328
1599,2016-03-21,0.247167665
1600,2016-03-22,0.333139217
1601,2016-03-23,0.334108489
1602,2016-03-24,0.308152432
1603,2016-03-25,0.292985463
1604,2016-03-26,0.286693942
1605,2016-03-27,0.264948203
1606,2016-03-28,0.271318292
1607,2016-03-29,0.262183325
1608,2016-03-30,0.259494031
1609,2016-03-31,0.260320493
1610,2016-04-01,0.272630697
1611,2016-04-02,0.277974452
1612,2016-04-03,0.293123567
1613,2016-04-04,0.395715837
1614,2016-04-05,0.477886226
1615,2016-04-06,0.409080482
1616,2016-04-07,0.289375743
1617,2016-04-08,0.184235347
1618,2016-04-09,0.165582466
1619,2016-04-10,0.190511149
1620,2016-04-11,0.260547601
1621,2016-04-12,0.282193859
1622,2016-04-13,0.442780383
1623,2016-04-14,0.687577303
1624,2016-04-15,0.675885098
1625,2016-04-16,0.577540437
1626,2016-04-17,0.480441001
1627,2016-04-18,0.42891097
1628,2016-04-19,0.39501635
1629,2016-04-20,0.414070864
1630,2016-04-21,0.454150959
1631,2016-04-22,0.538263286
1632,2016-04-23,0.787587854
1633,2016-04-24,0.832267538
1634,2016-04-25,0.859175353
1635,2016-04-26,0.790097659
1636,2016-04-27,0.75014757
1637,2016-04-28,0.779486629
1638,2016-04-29,0.80628364
1639,2016-04-30,0.777174101
1640,2016-05-01,0.66335285
1641,2016-05-02,0.674208561
1642,2016-05-03,0.641666912
1643,2016-05-04,0.654655957
1644,2016-05-05,0.566638917
1645,2016-05-06,0.476643712
1646,2016-05-07,0.401818307
1647,2016-05-08,0.411957531
1648,2016-05-09,0.940689391
1649,2016-05-10,0.916616005
1650,2016-05-11,0.704118464
1651,2016-05-12,0.537207514
1652,2016-05-13,0.361562397
1653,2016-05-14,0.356516905
1654,2016-05-15,0.495666611
1655,2016-05-16,0.660986923
1656,2016-05-17,0.508626945
1657,2016-05-18,0.348618838
1658,2016-05-19,0.365177741
1659,2016-05-20,0.705007864
1660,2016-05-21,0.730558377
1661,2016-05-22,0.675200224
1662,2016-05-23,0.713042142
1663,2016-05-24,0.653205239
1664,2016-05-25,0.568990972
1665,2016-05-26,0.514368526
1666,2016-05-27,0.49101444
1667,2016-05-28,0.444876618
1668,2016-05-29,0.379205871
1669,2016-05-30,0.316390753
1670,2016-05-31,0.254626333
1671,2016-06-01,0.169789454
1672,2016-06-02,0.15339701
1673,2016-06-03,0.035037142
1674,2016-06-04,
1675,2016-06-05,
1676,2016-06-06,
1677,2016-06-07,
1678,2016-06-08,
1679,2016-06-09,
1680,2016-06-10,0.042569459
1681,2016-06-11,0.096074778
1682,2016-06-12,0.134824779
1683,2016-06-13,0.166129591
1684,2016-06-14,0.184897961
1685,2016-06-15,0.272337553
1686,2016-06-16,0.328912871
1687,2016-06-17,0.331882457
1688,2016-06-18,0.296866118
1689,2016-06-19,0.290342723
1690,2016-06-20,0.292047553
1691,2016-06-21,0.3062394
1692,2016-06-22,0.318797262
1693,2016-06-23,0.3203015
1694,2016-06-24,0.300325745
1695,2016-06-25,0.304890944
1696,2016-06-26,0.304106131
1697,2016-06-27,0.306806203
1698,2016-06-28,0.314050699
1699,2016-06-29,0.3153407
1700,2016-06-30,0.292895143
1701,2016-07-01,0.296354383
1702,2016-07-02,0.300464946
1703,2016-07-03,0.296365642
1704,2016-07-04,0.295860197
1705,2016-07-05,0.290523926
1706,2016-07-06,0.28767475
1707,2016-07-07,0.295364968
1708,2016-07-08,0.290176651
1709,2016-07-09,0.216366459
1710,2016-07-10,0.110089848
1711,2016-07-11,0.225009607
1712,2016-07-12,0.258234935
1713,2016-07-13,0.258670796
1714,2016-07-14,0.248705904
1715,2016-07-15,0.23516254
1716,2016-07-16,0.230319867
1717,2016-07-17,0.232411661
1718,2016-07-18,0.233843047
1719,2016-07-19,0.232774589
1720,2016-07-20,0.233430962
1721,2016-07-21,0.230761769
1722,2016-07-22,0.217239241
1723,2016-07-23,0.210726044
1724,2016-07-24,0.209432269
1725,2016-07-25,0.211520375
1726,2016-07-26,0.214211059
1727,2016-07-27,0.22003629
1728,2016-07-28,0.215896836
1729,2016-07-29,0.209118059
1730,2016-07-30,0.210084237
1731,2016-07-31,0.203213664
1732,2016-08-01,0.200833852
1733,2016-08-02,0.207542717
1734,2016-08-03,0.208764493
1735,2016-08-04,0.209624666
1736,2016-08-05,0.202911971
1737,2016-08-06,0.198596881
1738,2016-08-07,0.201162269
1739,2016-08-08,0.212533764
1740,2016-08-09,0.215465169
1741,2016-08-10,0.204426664
1742,2016-08-11,0.205939242
1743,2016-08-12,0.201127618
1744,2016-08-13,0.200550825
1745,2016-08-14,0.199850431
1746,2016-08-15,0.201825938
1747,2016-08-16,0.205946573
1748,2016-08-17,0.203702048
1749,2016-08-18,0.200000759
1750,2016-08-19,0.197576378
1751,2016-08-20,0.196475329
1752,2016-08-21,0.195670574
1753,2016-08-22,0.197880145
1754,2016-08-23,0.203809132
1755,2016-08-24,0.203165424
1756,2016-08-25,0.2042525
1757,2016-08-26,0.200609969
1758,2016-08-27,0.201058741
1759,2016-08-28,0.198949798
1760,2016-08-29,0.199208093
1761,2016-08-30,0.204763238
1762,2016-08-31,0.207715141
1763,2016-09-01,0.20222603
1764,2016-09-02,0.196875181
1765,2016-09-03,0.192087971
1766,2016-09-04,0.162206263
1767,2016-09-05,0.154150855
1768,2016-09-06,0.188370557
1769,2016-09-07,0.19397384
1770,2016-09-08,0.194078157
1771,2016-09-09,0.19194077
1772,2016-09-10,0.18587372
1773,2016-09-11,0.187282308
1774,2016-09-12,0.187112106
1775,2016-09-13,0.192535929
1776,2016-09-14,0.184092372
1777,2016-09-15,0.207026792
1778,2016-09-16,0.208784913
1779,2016-09-17,0.197868005
1780,2016-09-18,0.185923658
1781,2016-09-19,0.208107718
1782,2016-09-20,0.210997026
1783,2016-09-21,0.20410787
1784,2016-09-22,0.189298894
1785,2016-09-23,0.203584779
1786,2016-09-24,0.206959724
1787,2016-09-25,0.196915086
1788,2016-09-26,0.194538353
1789,2016-09-27,0.19755257
1790,2016-09-28,0.195176772
1791,2016-09-29,0.192033774
1792,2016-09-30,0.184597269
1793,2016-10-01,0.1831841
1794,2016-10-02,0.181570115
1795,2016-10-03,0.175332864
1796,2016-10-04,0.189504467
1797,2016-10-05,0.192405922
1798,2016-10-06,0.191124599
1799,2016-10-07,0.185252818
1800,2016-10-08,0.181043411
1801,2016-10-09,0.181327038
1802,2016-10-10,0.174420075
1803,2016-10-11,0.18267801
1804,2016-10-12,0.218755017
1805,2016-10-13,0.194190464
1806,2016-10-14,0.02959035
1807,2016-10-15,0.210053333
1808,2016-10-16,0.105641268
1809,2016-10-17,0.284693469
1810,2016-10-18,0.239658349
1811,2016-10-19,0.217953152
1812,2016-10-20,0.205586816
1813,2016-10-21,0.17907263
1814,2016-10-22,0.163381262
1815,2016-10-23,0.17491952
1816,2016-10-24,0.151571821
1817,2016-10-25,0.148386319
1818,2016-10-26,0.153691219
1819,2016-10-27,0.179038858
1820,2016-10-28,0.133947476
1821,2016-10-29,0.154237601
1822,2016-10-30,0.016332452
1823,2016-10-31,
1824,2016-11-01,0.156384226
1825,2016-11-02,0.145401444
1826,2016-11-03,0.134582415
1827,2016-11-04,0.133617509
1828,2016-11-05,0.129876915
1829,2016-11-06,0.130795612
1830,2016-11-07,0.136301983
1831,2016-11-08,0.140887078
1832,2016-11-09,0.136498347
1833,2016-11-10,0.139024669
1834,2016-11-11,0.137343939
1835,2016-11-12,0.139134094
1836,2016-11-13,0.140909281
1837,2016-11-14,0.120938398
1838,2016-11-15,
1839,2016-11-16,0.155679545
1840,2016-11-17,0.189531648
1841,2016-11-18,0.135987984
1842,2016-11-19,0.117530677
1843,2016-11-20,0.13375708
1844,2016-11-21,0.147065302
1845,2016-11-22,0.151753379
1846,2016-11-23,0.143497831
1847,2016-11-24,0.151372585
1848,2016-11-25,0.149178538
1849,2016-11-26,0.140864601
1850,2016-11-27,0.151307937
1851,2016-11-28,0.159456285
1852,2016-11-29,0.169088547
1853,2016-11-30,0.148351414
1854,2016-12-01,0.15408411
1855,2016-12-02,0.160877744
1856,2016-12-03,0.141454502
1857,2016-12-04,0.165727072
1858,2016-12-05,0.197366804
1859,2016-12-06,0.15523266
1860,2016-12-07,
1861,2016-12-08,
1862,2016-12-09,
1863,2016-12-10,
1864,2016-12-11,0.090889456
1865,2016-12-12,0.096473223
1866,2016-12-13,0.097174678
1867,2016-12-14,0.107375969
1868,2016-12-15,0.102874579
1869,2016-12-16,0.1023992
1870,2016-12-17,
1871,2016-12-18,
1872,2016-12-19,
1873,2016-12-20,
1874,2016-12-21,
1875,2016-12-22,
1876,2016-12-23,
1877,2016-12-24,
1878,2016-12-25,
1879,2016-12-26,
1880,2016-12-27,
1881,2016-12-28,
1882,2016-12-29,
1883,2016-12-30,
1884,2016-12-31,
1885,2017-01-01,
1886,2017-01-02,
1887,2017-01-03,
1888,2017-01-04,
1889,2017-01-05,
1890,2017-01-06,
1891,2017-01-07,
1892,2017-01-08,
1893,2017-01-09,0.234481722
1894,2017-01-10,0.239799338
1895,2017-01-11,
1896,2017-01-12,
1897,2017-01-13,
1898,2017-01-14,
1899,2017-01-15,
1900,2017-01-16,
1901,2017-01-17,
1902,2017-01-18,
1903,2017-01-19,0.214313846
1904,2017-01-20,0.164424537
1905,2017-01-21,0.158605403
1906,2017-01-22,0.153185774
1907,2017-01-23,0.146223873
1908,2017-01-24,0.141270331
1909,2017-01-25,0.128447488
1910,2017-01-26,0.133757176
1911,2017-01-27,
1912,2017-01-28,
1913,2017-01-29,
1914,2017-01-30,
1915,2017-01-31,
1916,2017-02-01,
1917,2017-02-02,
1918,2017-02-03,
1919,2017-02-04,
1920,2017-02-05,
1921,2017-02-06,
1922,2017-02-07,
1923,2017-02-08,
1924,2017-02-09,0.16737263
1925,2017-02-10,0.245680082
1926,2017-02-11,0.191782641
1927,2017-02-12,0.333118835
1928,2017-02-13,0.378634486
1929,2017-02-14,0.320796792
1930,2017-02-15,0.332327828
1931,2017-02-16,0.347382554
1932,2017-02-17,0.369066201
1933,2017-02-18,0.35169074
1934,2017-02-19,0.323071418
1935,2017-02-20,0.307853744
1936,2017-02-21,0.331639724
1937,2017-02-22,0.344766679
1938,2017-02-23,0.311093876
1939,2017-02-24,0.284087217
1940,2017-02-25,0.264942745
1941,2017-02-26,0.250029907
1942,2017-02-27,0.255827362
1943,2017-02-28,0.247238023
1944,2017-03-01,0.241104551
1945,2017-03-02,0.234921528
1946,2017-03-03,0.229783719
1947,2017-03-04,0.25183562
1948,2017-03-05,0.252750081
1949,2017-03-06,0.244799969
1950,2017-03-07,0.240714923
1951,2017-03-08,0.241636421
1952,2017-03-09,0.251608055
1953,2017-03-10,0.297146234
1954,2017-03-11,0.464482551
1955,2017-03-12,0.433744851
1956,2017-03-13,0.410876361
1957,2017-03-14,0.395194982
1958,2017-03-15,0.470206708
1959,2017-03-16,0.517100969
1960,2017-03-17,0.598529049
1961,2017-03-18,0.410960061
1962,2017-03-19,0.393358201
1963,2017-03-20,0.555093816
1964,2017-03-21,0.606177628
1965,2017-03-22,0.537302269
1966,2017-03-23,0.528914747
1967,2017-03-24,0.513848177
1968,2017-03-25,0.510952547
1969,2017-03-26,0.468385229
1970,2017-03-27,0.435485497
1971,2017-03-28,0.375451488
1972,2017-03-29,0.315998669
1973,2017-03-30,0.289282476
1974,2017-03-31,0.311769293
1975,2017-04-01,0.326703211
1976,2017-04-02,0.3179518
1977,2017-04-03,0.32294302
1978,2017-04-04,0.354676241
1979,2017-04-05,0.315218758
1980,2017-04-06,0.278695101
1981,2017-04-07,0.317327252
1982,2017-04-08,0.485248019
1983,2017-04-09,0.519505238
1984,2017-04-10,0.429880052
1985,2017-04-11,0.393878228
1986,2017-04-12,0.334442958
1987,2017-04-13,0.302978138
1988,2017-04-14,0.490132381
1989,2017-04-15,0.46485634
1990,2017-04-16,0.398811703
1991,2017-04-17,0.360856877
1992,2017-04-18,0.420976486
1993,2017-04-19,0.451526098
1994,2017-04-20,0.490395054
1995,2017-04-21,0.490376666
1996,2017-04-22,0.452246024
1997,2017-04-23,0.439543445
1998,2017-04-24,0.5191949
1999,2017-04-25,0.618758009
2000,2017-04-26,0.629604688
2001,2017-04-27,0.644880946
2002,2017-04-28,0.600337076
2003,2017-04-29,0.539075585
2004,2017-04-30,0.523152842
2005,2017-05-01,0.530015126
2006,2017-05-02,0.477917002
2007,2017-05-03,0.379192322
2008,2017-05-04,0.199549026
2009,2017-05-05,0.176766259
2010,2017-05-06,
2011,2017-05-07,
2012,2017-05-08,
2013,2017-05-09,0.292936339
2014,2017-05-10,0.522145049
2015,2017-05-11,0.625314471
2016,2017-05-12,1.221363382
2017,2017-05-13,1.40329209
2018,2017-05-14,1.13731622
2019,2017-05-15,0.727658043
2020,2017-05-16,0.680694374
2021,2017-05-17,0.725140497
2022,2017-05-18,0.604013714
2023,2017-05-19,0.565176585
2024,2017-05-20,0.560607321
2025,2017-05-21,0.369917659
2026,2017-05-22,0.39286861
2027,2017-05-23,0.578980853
2028,2017-05-24,0.848960319
2029,2017-05-25,1.395380264
2030,2017-05-26,1.213246842
2031,2017-05-27,0.939503939
2032,2017-05-28,0.740380946
2033,2017-05-29,0.539813687
2034,2017-05-30,0.753085784
2035,2017-05-31,0.791553862
2036,2017-06-01,1.524653589
2037,2017-06-02,1.446135094
2038,2017-06-03,1.037496324
2039,2017-06-04,0.480374546
2040,2017-06-05,0.419179943
2041,2017-06-06,0.411927207
2042,2017-06-07,
2043,2017-06-08,
2044,2017-06-09,0.109025084
2045,2017-06-10,0.41967963
2046,2017-06-11,0.316664509
2047,2017-06-12,
2048,2017-06-13,0.34715303
2049,2017-06-14,0.256131783
2050,2017-06-15,0.021885185
2051,2017-06-16,
2052,2017-06-17,
2053,2017-06-18,
2054,2017-06-19,
2055,2017-06-20,
2056,2017-06-21,
2057,2017-06-22,
2058,2017-06-23,0.079779497
2059,2017-06-24,0.074999489
2060,2017-06-25,
2061,2017-06-26,
2062,2017-06-27,
2063,2017-06-28,0.001041871
2064,2017-06-29,0.143251657
2065,2017-06-30,0.182039429
2066,2017-07-01,0.229239209
2067,2017-07-02,0.248087644
2068,2017-07-03,0.275910308
2069,2017-07-04,0.310507469
2070,2017-07-05,0.325398974
2071,2017-07-06,0.330399898
2072,2017-07-07,0.311011347
2073,2017-07-08,0.318707451
2074,2017-07-09,0.307641983
2075,2017-07-10,0.317743197
2076,2017-07-11,0.321010659
2077,2017-07-12,0.303066883
2078,2017-07-13,0.296859235
2079,2017-07-14,0.290457245
2080,2017-07-15,0.300066894
2081,2017-07-16,0.303499988
2082,2017-07-17,0.277142495
2083,2017-07-18,0.290441116
2084,2017-07-19,0.300347878
2085,2017-07-20,0.324156851
2086,2017-07-21,0.317283595
2087,2017-07-22,0.308729938
2088,2017-07-23,0.325132584
2089,2017-07-24,0.324701232
2090,2017-07-25,0.323370091
2091,2017-07-26,0.302335142
2092,2017-07-27,0.284400136
2093,2017-07-28,0.216065072
2094,2017-07-29,0.297876768
2095,2017-07-30,0.361807247
2096,2017-07-31,0.371370273
2097,2017-08-01,0.353645903
2098,2017-08-02,0.349724834
2099,2017-08-03,0.350592915
2100,2017-08-04,0.347237726
2101,2017-08-05,0.338519287
2102,2017-08-06,0.337000059
2103,2017-08-07,0.328645704
2104,2017-08-08,0.317517962
2105,2017-08-09,0.309597033
2106,2017-08-10,0.311532372
2107,2017-08-11,0.310257434
2108,2017-08-12,0.312015297
2109,2017-08-13,0.31523817
2110,2017-08-14,0.306105353
2111,2017-08-15,0.298924053
2112,2017-08-16,0.295847478
2113,2017-08-17,0.294029773
2114,2017-08-18,0.287009288
2115,2017-08-19,0.282449025
2116,2017-08-20,0.275301598
2117,2017-08-21,0.274715085
2118,2017-08-22,0.2759015
2119,2017-08-23,0.255101941
2120,2017-08-24,0.241156296
2121,2017-08-25,0.258614987
2122,2017-08-26,0.255693129
2123,2017-08-27,0.236606065
2124,2017-08-28,0.224213405
2125,2017-08-29,0.229160333
2126,2017-08-30,0.248015615
2127,2017-08-31,0.262393331
2128,2017-09-01,0.264791453
2129,2017-09-02,0.25892193
2130,2017-09-03,0.25543956
2131,2017-09-04,0.256341283
2132,2017-09-05,0.26223413
2133,2017-09-06,0.25374709
2134,2017-09-07,0.240179238
2135,2017-09-08,0.236168785
2136,2017-09-09,0.228669527
2137,2017-09-10,0.23120507
2138,2017-09-11,0.233220089
2139,2017-09-12,0.235480237
2140,2017-09-13,0.235836286
2141,2017-09-14,0.238326788
2142,2017-09-15,0.21886638
2143,2017-09-16,0.229680735
2144,2017-09-17,0.232695565
2145,2017-09-18,0.233582272
2146,2017-09-19,0.328980074
2147,2017-09-20,0.337648141
2148,2017-09-21,0.331816071
2149,2017-09-22,0.295332498
2150,2017-09-23,0.289049033
2151,2017-09-24,0.281641722
2152,2017-09-25,0.269049697
2153,2017-09-26,0.262563336
2154,2017-09-27,0.26555681
2155,2017-09-28,0.257317941
2156,2017-09-29,0.249098364
2157,2017-09-30,0.258503761
2158,2017-10-01,0.300285506
2159,2017-10-02,0.29192234
2160,2017-10-03,0.263902001
2161,2017-10-04,0.228148024
2162,2017-10-05,0.223077799
2163,2017-10-06,0.214198126
2164,2017-10-07,0.211692598
2165,2017-10-08,0.239890009
2166,2017-10-09,0.22333012
2167,2017-10-10,0.229019423
2168,2017-10-11,0.199604835
2169,2017-10-12,0.219720406
2170,2017-10-13,0.209464658
2171,2017-10-14,0.254041919
2172,2017-10-15,0.248673935
2173,2017-10-16,0.207170703
2174,2017-10-17,0.229689946
2175,2017-10-18,0.22914235
2176,2017-10-19,0.216584502
2177,2017-10-20,0.211742676
2178,2017-10-21,0.223327005
2179,2017-10-22,0.151220545
2180,2017-10-23,0.300825964
2181,2017-10-24,0.30674298
2182,2017-10-25,0.24866136
2183,2017-10-26,0.228138924
2184,2017-10-27,0.227539351
2185,2017-10-28,0.256788507
2186,2017-10-29,0.261407096
2187,2017-10-30,0.264620922
2188,2017-10-31,0.275302316
2189,2017-11-01,0.275805213
2190,2017-11-02,0.27134889
2191,2017-11-03,0.258811545
2192,2017-11-04,0.295970821
2193,2017-11-05,0.294196914
2194,2017-11-06,0.249710196
2195,2017-11-07,0.277385535
2196,2017-11-08,0.216253349
2197,2017-11-09,0.212088951
2198,2017-11-10,0.241004981
2199,2017-11-11,0.254208566
2200,2017-11-12,0.236720239
2201,2017-11-13,0.229687512
2202,2017-11-14,0.244602649
2203,2017-11-15,0.255043377
2204,2017-11-16,0.217837341
2205,2017-11-17,0.247642963
2206,2017-11-18,0.247751864
2207,2017-11-19,0.227730715
2208,2017-11-20,0.201553311
2209,2017-11-21,0.168577714
2210,2017-11-22,0.029620545
2211,2017-11-23,0.194477288
2212,2017-11-24,0.216448108
2213,2017-11-25,0.462414652
2214,2017-11-26,0.257388011
2215,2017-11-27,0.174432495
2216,2017-11-28,0.371558755
2217,2017-11-29,0.344984645
2218,2017-11-30,0.320762898
2219,2017-12-01,0.336399714
2220,2017-12-02,0.346866825
2221,2017-12-03,0.334384251
2222,2017-12-04,0.293256187
2223,2017-12-05,0.256264029
2224,2017-12-06,0.216002376
2225,2017-12-07,0.220914109
2226,2017-12-08,0.202793965
2227,2017-12-09,0.216010118
2228,2017-12-10,0.221970162
2229,2017-12-11,0.222510577
2230,2017-12-12,0.222117266
2231,2017-12-13,0.237163706
2232,2017-12-14,0.282542171
2233,2017-12-15,0.288049197
2234,2017-12-16,0.300108646
2235,2017-12-17,0.266051695
2236,2017-12-18,0.293956593
2237,2017-12-19,0.307126292
2238,2017-12-20,0.284912005
2239,2017-12-21,0.24794239
2240,2017-12-22,0.227533614
2241,2017-12-23,0.256410948
2242,2017-12-24,0.179675189
2243,2017-12-25,0.231740092
2244,2017-12-26,0.243778566
2245,2017-12-27,0.240497368
2246,2017-12-28,0.267816946
2247,2017-12-29,0.261623498
2248,2017-12-30,0.257884042
2249,2017-12-31,0.236724574
2250,2018-01-01,0.180427951
2251,2018-01-02,0.151379188
2252,2018-01-03,0.179886647
2253,2018-01-04,0.191750308
2254,2018-01-05,0.228462878
2255,2018-01-06,0.247109501
2256,2018-01-07,0.214819558
2257,2018-01-08,0.195563625
2258,2018-01-09,0.178908605
2259,2018-01-10,0.201113963
2260,2018-01-11,0.196487953
2261,2018-01-12,0.196331729
2262,2018-01-13,0.196232663
2263,2018-01-14,0.191575773
2264,2018-01-15,0.183858366
2265,2018-01-16,0.179309162
2266,2018-01-17,0.182368221
2267,2018-01-18,0.180224262
2268,2018-01-19,0.212660247
2269,2018-01-20,0.215476557
2270,2018-01-21,0.193851298
2271,2018-01-22,0.175071584
2272,2018-01-23,0.189836745
2273,2018-01-24,0.186202354
2274,2018-01-25,0.196464089
2275,2018-01-26,0.196433006
2276,2018-01-27,0.187722351
2277,2018-01-28,0.186461384
2278,2018-01-29,0.194250167
2279,2018-01-30,0.191622291
2280,2018-01-31,0.190131839
2281,2018-02-01,0.181534389
2282,2018-02-02,0.178024563
2283,2018-02-03,0.187611263
2284,2018-02-04,0.193498102
2285,2018-02-05,0.246819059
2286,2018-02-06,0.257469944
2287,2018-02-07,0.237815395
2288,2018-02-08,0.229477546
2289,2018-02-09,0.225683302
2290,2018-02-10,0.222855161
2291,2018-02-11,0.219340467
2292,2018-02-12,0.198160859
2293,2018-02-13,0.234949649
2294,2018-02-14,0.182700945
2295,2018-02-15,0.221017668
2296,2018-02-16,0.212258939
2297,2018-02-17,0.195237758
2298,2018-02-18,0.201321553
2299,2018-02-19,0.193551179
2300,2018-02-20,0.157248206
2301,2018-02-21,0.2385133
2302,2018-02-22,0.281258341
2303,2018-02-23,0.242268751
2304,2018-02-24,0.188971358
2305,2018-02-25,0.199815756
2306,2018-02-26,0.20114564
2307,2018-02-27,0.185999634
2308,2018-02-28,0.185610466
2309,2018-03-01,0.198353085
2310,2018-03-02,0.201514446
2311,2018-03-03,0.222377008
2312,2018-03-04,0.18020945
2313,2018-03-05,0.188915952
2314,2018-03-06,0.188542834
2315,2018-03-07,0.182472952
2316,2018-03-08,0.190976172
2317,2018-03-09,0.200678801
2318,2018-03-10,0.204296772
2319,2018-03-11,0.19536817
2320,2018-03-12,0.201302841
2321,2018-03-13,0.198569465
2322,2018-03-14,0.225408438
2323,2018-03-15,0.266520239
2324,2018-03-16,0.255116885
2325,2018-03-17,0.239795918
2326,2018-03-18,0.232226249
2327,2018-03-19,0.224943017
2328,2018-03-20,0.231529682
2329,2018-03-21,0.230471489
2330,2018-03-22,0.213875821
2331,2018-03-23,0.27452101
2332,2018-03-24,0.322072527
2333,2018-03-25,0.283891922
2334,2018-03-26,0.268974173
2335,2018-03-27,0.272764095
2336,2018-03-28,0.269334717
2337,2018-03-29,0.267108002
2338,2018-03-30,0.263264439
2339,2018-03-31,0.276220459
2340,2018-04-01,0.278379155
2341,2018-04-02,0.305226414
2342,2018-04-03,0.29426363
2343,2018-04-04,0.272497921
2344,2018-04-05,0.248661463
2345,2018-04-06,0.22309563
2346,2018-04-07,0.297082405
2347,2018-04-08,0.549793516
2348,2018-04-09,0.562575711
2349,2018-04-10,0.492729689
2350,2018-04-11,0.494450502
2351,2018-04-12,0.607755821
2352,2018-04-13,0.567300691
2353,2018-04-14,0.51915844
2354,2018-04-15,0.485345575
2355,2018-04-16,0.536018808
2356,2018-04-17,0.610693049
2357,2018-04-18,0.537420177
2358,2018-04-19,0.509176185
2359,2018-04-20,0.496450576
2360,2018-04-21,0.52192409
2361,2018-04-22,0.670017702
2362,2018-04-23,0.805623585
2363,2018-04-24,0.771216745
2364,2018-04-25,0.690532934
2365,2018-04-26,0.623468777
2366,2018-04-27,0.717577533
2367,2018-04-28,0.995056109
2368,2018-04-29,1.38628561
2369,2018-04-30,1.319377058
2370,2018-05-01,1.154093126
2371,2018-05-02,1.02853472
2372,2018-05-03,0.990553435
2373,2018-05-04,0.939471679
2374,2018-05-05,1.1627017
2375,2018-05-06,1.215895363
2376,2018-05-07,1.408819332
2377,2018-05-08,1.386128505
2378,2018-05-09,1.194675256
2379,2018-05-10,1.517487096
2380,2018-05-11,1.682401582
2381,2018-05-12,1.39220849
2382,2018-05-13,1.117046483
2383,2018-05-14,1.006049246
2384,2018-05-15,0.744013388
2385,2018-05-16,0.33767538
2386,2018-05-17,1.000245726
2387,2018-05-18,0.998457894
2388,2018-05-19,1.140412184
2389,2018-05-20,0.929299551
2390,2018-05-21,1.009771048
2391,2018-05-22,1.039719339
2392,2018-05-23,1.054691711
2393,2018-05-24,0.982917106
2394,2018-05-25,0.912028998
2395,2018-05-26,1.003075547
2396,2018-05-27,0.661026603
2397,2018-05-28,0.719658606
2398,2018-05-29,0.674632453
2399,2018-05-30,0.344337976
2400,2018-05-31,0.42552596
2401,2018-06-01,0.64859183
2402,2018-06-02,0.557497797
2403,2018-06-03,0.319054141
2404,2018-06-04,0.114318246
2405,2018-06-05,0.199526923
2406,2018-06-06,0.220518443
2407,2018-06-07,0.155453525
2408,2018-06-08,0.297826327
2409,2018-06-09,0.207687272
2410,2018-06-10,0.334438398
2411,2018-06-11,0.415414803
2412,2018-06-12,0.385493067
2413,2018-06-13,0.343275547
2414,2018-06-14,0.345414969
2415,2018-06-15,0.351243995
2416,2018-06-16,0.344675952
2417,2018-06-17,0.280874977
2418,2018-06-18,0.414621535
2419,2018-06-19,0.518479187
2420,2018-06-20,0.51913427
2421,2018-06-21,0.485562528
2422,2018-06-22,0.557573774
2423,2018-06-23,0.538733131
2424,2018-06-24,0.534519648
2425,2018-06-25,0.505781591
2426,2018-06-26,0.492686357
2427,2018-06-27,0.512552757
2428,2018-06-28,0.483242703
2429,2018-06-29,0.479077061
2430,2018-06-30,0.472898683
2431,2018-07-01,0.450674202
2432,2018-07-02,0.437903846
2433,2018-07-03,0.42775817
2434,2018-07-04,0.422328024
2435,2018-07-05,0.40889886
2436,2018-07-06,0.386037314
2437,2018-07-07,0.375139923
2438,2018-07-08,0.368994902
2439,2018-07-09,0.372919424
2440,2018-07-10,0.366853278
2441,2018-07-11,0.354544439
2442,2018-07-12,0.35037512
2443,2018-07-13,0.345840414
2444,2018-07-14,0.337266544
2445,2018-07-15,0.331950861
2446,2018-07-16,0.339520554
2447,2018-07-17,0.371548427
2448,2018-07-18,0.367055517
2449,2018-07-19,0.330559359
2450,2018-07-20,0.309648308
2451,2018-07-21,0.299157796
2452,2018-07-22,0.293260002
2453,2018-07-23,0.293671376
2454,2018-07-24,0.294613446
2455,2018-07-25,0.286756615
2456,2018-07-26,0.292032818
2457,2018-07-27,0.274520631
2458,2018-07-28,0.267087404
2459,2018-07-29,0.264179491
2460,2018-07-30,0.267213604
2461,2018-07-31,0.26496554
2462,2018-08-01,0.263357175
2463,2018-08-02,0.285321499
2464,2018-08-03,0.327693138
2465,2018-08-04,0.29606733
2466,2018-08-05,0.240362494
2467,2018-08-06,0.285155004
2468,2018-08-07,0.323048629
2469,2018-08-08,0.328044287
2470,2018-08-09,0.326088865
2471,2018-08-10,0.325020975
2472,2018-08-11,0.324050039
2473,2018-08-12,0.322963454
2474,2018-08-13,0.321478761
2475,2018-08-14,0.320504672
2476,2018-08-15,0.320568715
2477,2018-08-16,0.317217577
2478,2018-08-17,0.318197849
2479,2018-08-18,0.321199456
2480,2018-08-19,0.321131033
2481,2018-08-20,0.318196014
2482,2018-08-21,0.317834824
2483,2018-08-22,0.314078999
2484,2018-08-23,0.321524666
2485,2018-08-24,0.324669277
2486,2018-08-25,0.320468355
2487,2018-08-26,0.314710966
2488,2018-08-27,0.285870473
2489,2018-08-28,0.335445565
2490,2018-08-29,0.333347911
2491,2018-08-30,0.324796703
2492,2018-08-31,0.321481216
2493,2018-09-01,0.318511094
2494,2018-09-02,0.317308388
2495,2018-09-03,0.316552825
2496,2018-09-04,0.314549299
2497,2018-09-05,0.31412584
2498,2018-09-06,0.312693961
2499,2018-09-07,0.310027714
2500,2018-09-08,0.296080667
2501,2018-09-09,0.274298378
2502,2018-09-10,0.309018258
2503,2018-09-11,0.306794565
2504,2018-09-12,0.267605543
2505,2018-09-13,0.224772756
2506,2018-09-14,0.223307359
2507,2018-09-15,0.221165896
2508,2018-09-16,0.218868941
2509,2018-09-17,0.222577096
2510,2018-09-18,0.225605411
2511,2018-09-19,0.223033345
2512,2018-09-20,0.222770751
2513,2018-09-21,0.214827252
2514,2018-09-22,0.213523444
2515,2018-09-23,0.211075384
2516,2018-09-24,0.216014473
2517,2018-09-25,0.222366569
2518,2018-09-26,0.220176168
2519,2018-09-27,0.219307705
2520,2018-09-28,0.212504908
2521,2018-09-29,0.211602056
2522,2018-09-30,0.203598328
2523,2018-10-01,0.219568331
2524,2018-10-02,0.218043834
2525,2018-10-03,0.218474146
2526,2018-10-04,0.193742635
2527,2018-10-05,0.225693964
2528,2018-10-06,0.220790199
2529,2018-10-07,0.213821201
2530,2018-10-08,0.217120304
2531,2018-10-09,0.208567644
2532,2018-10-10,0.223284501
2533,2018-10-11,0.227861654
2534,2018-10-12,0.219016496
2535,2018-10-13,0.215615227
2536,2018-10-14,0.220753133
2537,2018-10-15,0.21607909
2538,2018-10-16,0.218315074
2539,2018-10-17,0.216423623
2540,2018-10-18,0.213511153
2541,2018-10-19,0.209805739
2542,2018-10-20,0.208406701
2543,2018-10-21,0.207266482
2544,2018-10-22,0.210432707
2545,2018-10-23,0.208906371
2546,2018-10-24,0.213685775
2547,2018-10-25,0.216970199
2548,2018-10-26,0.205267477
2549,2018-10-27,0.174234195
2550,2018-10-28,0.184386935
2551,2018-10-29,0.199317881
2552,2018-10-30,0.238977701
2553,2018-10-31,0.22801792
2554,2018-11-01,0.204806325
2555,2018-11-02,0.178113312
2556,2018-11-03,0.235508945
2557,2018-11-04,0.231892017
2558,2018-11-05,0.237201934
2559,2018-11-06,0.234699291
2560,2018-11-07,0.233820537
2561,2018-11-08,0.227150858
2562,2018-11-09,0.197991226
2563,2018-11-10,0.199079732
2564,2018-11-11,0.209368641
2565,2018-11-12,0.184499865
2566,2018-11-13,0.177627807
2567,2018-11-14,0.20157658
2568,2018-11-15,0.220998597
2569,2018-11-16,0.216098413
2570,2018-11-17,0.21614611
2571,2018-11-18,0.193302663
2572,2018-11-19,0.167389449
2573,2018-11-20,0.17674373
2574,2018-11-21,0.18319125
2575,2018-11-22,0.188627467
2576,2018-11-23,0.229625905
2577,2018-11-24,0.218780517
2578,2018-11-25,0.209572566
2579,2018-11-26,0.177715275
2580,2018-11-27,0.201260435
2581,2018-11-28,0.235688793
2582,2018-11-29,0.220408051
2583,2018-11-30,0.206348159
2584,2018-12-01,0.206055291
2585,2018-12-02,0.206426342
2586,2018-12-03,0.239088202
2587,2018-12-04,0.281055897
2588,2018-12-05,0.228819521
2589,2018-12-06,0.193814257
2590,2018-12-07,0.197909488
2591,2018-12-08,0.229591989
2592,2018-12-09,0.193104213
2593,2018-12-10,0.19410111
2594,2018-12-11,0.209371987
2595,2018-12-12,0.218279685
2596,2018-12-13,0.205236734
2597,2018-12-14,0.18414802
2598,2018-12-15,0.198281284
2599,2018-12-16,0.212633238
2600,2018-12-17,0.208067167
2601,2018-12-18,0.258556645
2602,2018-12-19,0.263527228
2603,2018-12-20,0.201270662
2604,2018-12-21,0.198468165
2605,2018-12-22,0.193804805
2606,2018-12-23,0.187413831
2607,2018-12-24,0.210517711
2608,2018-12-25,0.196239386
2609,2018-12-26,0.177090325
2610,2018-12-27,0.176449081
2611,2018-12-28,0.191415808
2612,2018-12-29,0.176937558
2613,2018-12-30,0.192880591
2614,2018-12-31,0.184557603
2615,2019-01-01,0.215325655
2616,2019-01-02,0.257568808
2617,2019-01-03,0.259627552
2618,2019-01-04,0.244557204
2619,2019-01-05,0.215267823
2620,2019-01-06,0.209743994
2621,2019-01-07,0.21157185
2622,2019-01-08,0.231428105
2623,2019-01-09,0.173350215
2624,2019-01-10,0.242663657
2625,2019-01-11,0.307959393
2626,2019-01-12,0.267023859
2627,2019-01-13,0.223935318
2628,2019-01-14,0.145403186
2629,2019-01-15,0.247235764
2630,2019-01-16,0.314615589
2631,2019-01-17,0.394918411
2632,2019-01-18,0.392922478
2633,2019-01-19,0.350924479
2634,2019-01-20,0.332542837
2635,2019-01-21,0.325035489
2636,2019-01-22,0.298578491
2637,2019-01-23,0.255607774
2638,2019-01-24,0.228959385
2639,2019-01-25,0.196241084
2640,2019-01-26,0.253421895
2641,2019-01-27,0.293067321
2642,2019-01-28,0.29222602
2643,2019-01-29,0.281899282
2644,2019-01-30,0.253178685
2645,2019-01-31,0.248173488
2646,2019-02-01,0.293614829
2647,2019-02-02,0.304174626
2648,2019-02-03,0.216475142
2649,2019-02-04,0.206790167
2650,2019-02-05,0.198728114
2651,2019-02-06,0.200711362
2652,2019-02-07,0.260116347
2653,2019-02-08,0.234202199
2654,2019-02-09,0.286487659
2655,2019-02-10,0.328551816
2656,2019-02-11,0.277680435
2657,2019-02-12,0.209359459
2658,2019-02-13,0.200248287
2659,2019-02-14,0.227260918
2660,2019-02-15,0.300781525
2661,2019-02-16,0.289751669
2662,2019-02-17,0.282992133
2663,2019-02-18,0.283127747
2664,2019-02-19,0.264014653
2665,2019-02-20,0.277206557
2666,2019-02-21,0.286091876
2667,2019-02-22,0.244931866
2668,2019-02-23,0.282604884
2669,2019-02-24,0.299602136
2670,2019-02-25,0.289359553
2671,2019-02-26,0.287145117
2672,2019-02-27,0.283478158
2673,2019-02-28,0.287097528
2674,2019-03-01,0.281202327
2675,2019-03-02,0.280141827
2676,2019-03-03,0.27458632
2677,2019-03-04,0.268066385
2678,2019-03-05,0.269077606
2679,2019-03-06,0.276482293
2680,2019-03-07,0.286805584
2681,2019-03-08,0.283925786
2682,2019-03-09,0.276187587
2683,2019-03-10,0.275189285
2684,2019-03-11,0.271845237
2685,2019-03-12,0.267305364
2686,2019-03-13,0.279593194
2687,2019-03-14,0.273667604
2688,2019-03-15,0.27284864
2689,2019-03-16,0.213624271
2690,2019-03-17,0.182061979
2691,2019-03-18,0.18665876
2692,2019-03-19,0.192853429
2693,2019-03-20,0.213560994
2694,2019-03-21,0.222555611
2695,2019-03-22,0.217601392
2696,2019-03-23,0.217373736
2697,2019-03-24,0.224245439
2698,2019-03-25,0.239159356
2699,2019-03-26,0.236077006
2700,2019-03-27,0.239224907
2701,2019-03-28,0.249899287
2702,2019-03-29,0.257618227
2703,2019-03-30,0.247953027
2704,2019-03-31,0.237506691
2705,2019-04-01,0.241463311
2706,2019-04-02,0.242414082
2707,2019-04-03,0.242860036
2708,2019-04-04,0.251470722
2709,2019-04-05,0.265911873
2710,2019-04-06,0.291158216
2711,2019-04-07,0.270386293
2712,2019-04-08,0.135330546
2713,2019-04-09,0.56528144
2714,2019-04-10,0.735964916
2715,2019-04-11,0.554456429
2716,2019-04-12,0.481154585
2717,2019-04-13,0.434491898
2718,2019-04-14,0.399607002
2719,2019-04-15,0.380100239
2720,2019-04-16,0.374091451
2721,2019-04-17,0.366629363
2722,2019-04-18,0.319850412
2723,2019-04-19,0.23666681
2724,2019-04-20,0.23955686
2725,2019-04-21,0.468735569
2726,2019-04-22,0.613625491
2727,2019-04-23,0.474557477
2728,2019-04-24,0.393915649
2729,2019-04-25,0.509022772
2730,2019-04-26,0.666635597
2731,2019-04-27,0.67081355
2732,2019-04-28,0.733137676
2733,2019-04-29,0.74988917
2734,2019-04-30,0.7028684
2735,2019-05-01,0.610753733
2736,2019-05-02,0.544925236
2737,2019-05-03,0.475788184
2738,2019-05-04,0.395547344
2739,2019-05-05,0.345095756
2740,2019-05-06,0.400491789
2741,2019-05-07,0.556404527
2742,2019-05-08,0.668111811
2743,2019-05-09,0.733452642
2744,2019-05-10,0.679809924
2745,2019-05-11,0.499562403
2746,2019-05-12,0.295916278
2747,2019-05-13,0.263504636
2748,2019-05-14,0.322174383
2749,2019-05-15,0.618619565
2750,2019-05-16,0.443270085
2751,2019-05-17,0.603264109
2752,2019-05-18,0.791539456
2753,2019-05-19,0.707017431
2754,2019-05-20,0.699939008
2755,2019-05-21,0.754332409
2756,2019-05-22,0.786813944
2757,2019-05-23,0.710932035
2758,2019-05-24,0.631875771
2759,2019-05-25,0.58665972
2760,2019-05-26,0.556557227
2761,2019-05-27,0.524168055
2762,2019-05-28,0.397615625
2763,2019-05-29,0.27270983
2764,2019-05-30,0.19855704
2765,2019-05-31,
2766,2019-06-01,
2767,2019-06-02,
2768,2019-06-03,
2769,2019-06-04,
2770,2019-06-05,
2771,2019-06-06,
2772,2019-06-07,
2773,2019-06-08,
2774,2019-06-09,0.018481464
2775,2019-06-10,
2776,2019-06-11,
2777,2019-06-12,
2778,2019-06-13,
2779,2019-06-14,
2780,2019-06-15,
2781,2019-06-16,
2782,2019-06-17,
2783,2019-06-18,
2784,2019-06-19,
2785,2019-06-20,
2786,2019-06-21,0.071503441
2787,2019-06-22,0.116820931
2788,2019-06-23,0.117680569
2789,2019-06-24,0.138910373
2790,2019-06-25,0.160657733
2791,2019-06-26,0.210515227
2792,2019-06-27,0.227927432
2793,2019-06-28,0.241049613
2794,2019-06-29,0.255751132
2795,2019-06-30,0.256954935
2796,2019-07-01,0.28076617
2797,2019-07-02,0.272165125
2798,2019-07-03,0.267658219
2799,2019-07-04,0.264399957
2800,2019-07-05,0.263789281
2801,2019-07-06,0.259932311
2802,2019-07-07,0.253413809
2803,2019-07-08,0.249636338
2804,2019-07-09,0.262825265
2805,2019-07-10,0.267088912
2806,2019-07-11,0.259803228
2807,2019-07-12,0.252578003
2808,2019-07-13,0.244341701
2809,2019-07-14,0.246088624
2810,2019-07-15,0.245758397
2811,2019-07-16,0.263541915
2812,2019-07-17,0.259615699
2813,2019-07-18,0.252555717
2814,2019-07-19,0.24228044
2815,2019-07-20,0.237216515
2816,2019-07-21,0.234912754
2817,2019-07-22,0.232119741
2818,2019-07-23,0.234480409
2819,2019-07-24,0.2432705
2820,2019-07-25,0.244071053
2821,2019-07-26,0.230033352
2822,2019-07-27,0.228039198
2823,2019-07-28,0.231699797
2824,2019-07-29,0.224715885
2825,2019-07-30,0.211972274
2826,2019-07-31,0.241219862
2827,2019-08-01,0.236277068
2828,2019-08-02,0.220949017
2829,2019-08-03,0.236908661
2830,2019-08-04,0.232534453
2831,2019-08-05,0.230788278
2832,2019-08-06,0.233852055
2833,2019-08-07,0.233809214
2834,2019-08-08,0.224639212
2835,2019-08-09,0.207020501
2836,2019-08-10,0.226026368
2837,2019-08-11,0.247797761
2838,2019-08-12,0.251382782
2839,2019-08-13,0.246710616
2840,2019-08-14,0.237461915
2841,2019-08-15,0.23123447
2842,2019-08-16,0.224095754
2843,2019-08-17,0.219086544
2844,2019-08-18,0.219564769
2845,2019-08-19,0.218602493
2846,2019-08-20,0.223203991
2847,2019-08-21,0.221442232
2848,2019-08-22,0.216853838
2849,2019-08-23,0.214245061
2850,2019-08-24,0.214898385
2851,2019-08-25,0.213953337
2852,2019-08-26,0.21225596
2853,2019-08-27,0.217365703
2854,2019-08-28,0.217686816
2855,2019-08-29,0.213537961
2856,2019-08-30,0.208356343
2857,2019-08-31,0.209128124
2858,2019-09-01,0.209867581
2859,2019-09-02,0.207891094
2860,2019-09-03,0.207204866
2861,2019-09-04,0.211227844
2862,2019-09-05,0.206784941
2863,2019-09-06,0.165136863
2864,2019-09-07,0.191824732
2865,2019-09-08,0.177098598
2866,2019-09-09,0.20553491
2867,2019-09-10,0.236611323
2868,2019-09-11,0.228168928
2869,2019-09-12,0.214730666
2870,2019-09-13,0.210985896
2871,2019-09-14,0.207902578
2872,2019-09-15,0.2046919
2873,2019-09-16,0.203735916
2874,2019-09-17,0.19650855
2875,2019-09-18,0.220153102
2876,2019-09-19,0.213349887
2877,2019-09-20,0.213560897
2878,2019-09-21,0.214866254
2879,2019-09-22,0.212293672
2880,2019-09-23,0.214492525
2881,2019-09-24,0.210599199
2882,2019-09-25,0.20557588
2883,2019-09-26,0.19668901
2884,2019-09-27,0.193501075
2885,2019-09-28,0.196909021
2886,2019-09-29,0.206401277
2887,2019-09-30,0.213185362
2888,2019-10-01,0.207952678
2889,2019-10-02,0.206861203
2890,2019-10-03,0.199650386
2891,2019-10-04,0.197360496
2892,2019-10-05,0.201700942
2893,2019-10-06,0.198611269
2894,2019-10-07,0.194906952
2895,2019-10-08,0.196630611
2896,2019-10-09,0.208897435
2897,2019-10-10,0.218660404
2898,2019-10-11,0.204952398
2899,2019-10-12,0.195883283
2900,2019-10-13,0.196702301
2901,2019-10-14,0.197653414
2902,2019-10-15,0.201464639
2903,2019-10-16,0.198238766
2904,2019-10-17,0.19116986
2905,2019-10-18,0.198866379
2906,2019-10-19,0.203158725
2907,2019-10-20,0.205634302
2908,2019-10-21,0.200910547
2909,2019-10-22,0.189720754
2910,2019-10-23,0.20656422
2911,2019-10-24,0.21817413
2912,2019-10-25,0.190121097
2913,2019-10-26,0.182378511
2914,2019-10-27,0.204242161
2915,2019-10-28,0.195685616
2916,2019-10-29,0.182466201
2917,2019-10-30,0.164856921
2918,2019-10-31,0.15108797
2919,2019-11-01,0.18092238
2920,2019-11-02,0.177902808
2921,2019-11-03,0.189824592
2922,2019-11-04,0.206850485
2923,2019-11-05,0.202648699
2924,2019-11-06,0.193608951
2925,2019-11-07,0.187649843
2926,2019-11-08,0.184161859
2927,2019-11-09,0.182630459
2928,2019-11-10,0.182894304
2929,2019-11-11,0.192936885
2930,2019-11-12,0.189653331
2931,2019-11-13,0.188688831
2932,2019-11-14,0.190629961
2933,2019-11-15,0.181876292
2934,2019-11-16,0.184493586
2935,2019-11-17,0.182425997
2936,2019-11-18,0.184239573
2937,2019-11-19,0.186861061
2938,2019-11-20,0.197958849
2939,2019-11-21,0.184877645
2940,2019-11-22,0.165921265
2941,2019-11-23,0.14776299
2942,2019-11-24,0.153141811
2943,2019-11-25,0.18281896
2944,2019-11-26,0.1836661
2945,2019-11-27,0.155154236
2946,2019-11-28,0.154124087
2947,2019-11-29,0.13270613
2948,2019-11-30,0.154231963
2949,2019-12-01,0.155291952
2950,2019-12-02,0.150296509
2951,2019-12-03,0.212061682
2952,2019-12-04,0.201818617
2953,2019-12-05,0.180126295
2954,2019-12-06,0.172250514
2955,2019-12-07,0.180176948
2956,2019-12-08,0.200379528
2957,2019-12-09,0.206028627
2958,2019-12-10,0.168020438
2959,2019-12-11,0.156543395
2960,2019-12-12,0.202843354
2961,2019-12-13,0.216058269
2962,2019-12-14,0.192654528
2963,2019-12-15,0.171948867
2964,2019-12-16,0.149121886
2965,2019-12-17,0.105639104
2966,2019-12-18,0.116085386
2967,2019-12-19,0.178683166
2968,2019-12-20,0.235616789
2969,2019-12-21,0.230835128
2970,2019-12-22,0.216045733
2971,2019-12-23,0.206176147
2972,2019-12-24,0.210693559
2973,2019-12-25,0.170087154
2974,2019-12-26,0.150610349
2975,2019-12-27,0.164889354
2976,2019-12-28,0.189929313
2977,2019-12-29,0.204509148
2978,2019-12-30,0.216880937
2979,2019-12-31,0.212642341
2980,2020-01-01,0.223413614
2981,2020-01-02,0.202515241
2982,2020-01-03,0.198578418
2983,2020-01-04,0.190630616
2984,2020-01-05,0.178191322
2985,2020-01-06,0.186881158
2986,2020-01-07,0.197081933
2987,2020-01-08,0.193645888
2988,2020-01-09,0.191439615
2989,2020-01-10,0.16652904
2990,2020-01-11,0.165197221
2991,2020-01-12,0.191285273
2992,2020-01-13,0.175933445
2993,2020-01-14,0.181323941
2994,2020-01-15,0.170710343
2995,2020-01-16,0.156436229
2996,2020-01-17,0.198918543
2997,2020-01-18,0.191389249
2998,2020-01-19,0.201110783
2999,2020-01-20,0.187600969
3000,2020-01-21,0.192182572
3001,2020-01-22,0.200851987
3002,2020-01-23,0.197252361
3003,2020-01-24,0.19897532
3004,2020-01-25,0.196536454
3005,2020-01-26,0.189395931
3006,2020-01-27,0.189982703
3007,2020-01-28,0.186574078
3008,2020-01-29,0.191934404
3009,2020-01-30,0.181585175
3010,2020-01-31,0.177704758
3011,2020-02-01,0.173393028
3012,2020-02-02,0.187697974
3013,2020-02-03,0.17892282
3014,2020-02-04,0.132153594
3015,2020-02-05,0.130698941
3016,2020-02-06,0.186816349
3017,2020-02-07,0.195279778
3018,2020-02-08,0.193547754
3019,2020-02-09,0.191592688
3020,2020-02-10,0.18017398
3021,2020-02-11,0.174200709
3022,2020-02-12,0.168437256
3023,2020-02-13,0.183960978
3024,2020-02-14,0.164535091
3025,2020-02-15,0.234117826
3026,2020-02-16,0.276340726
3027,2020-02-17,0.274811957
3028,2020-02-18,0.228455424
3029,2020-02-19,0.205543197
3030,2020-02-20,0.207290186
3031,2020-02-21,0.229766413
3032,2020-02-22,0.250941879
3033,2020-02-23,0.252939855
3034,2020-02-24,0.198203184
3035,2020-02-25,0.184711387
3036,2020-02-26,0.180311632
3037,2020-02-27,0.183510955
3038,2020-02-28,0.180042909
3039,2020-02-29,0.184688951
3040,2020-03-01,0.188968942
3041,2020-03-02,0.180173012
3042,2020-03-03,0.181524984
3043,2020-03-04,0.19572851
3044,2020-03-05,0.194538288
3045,2020-03-06,0.192712744
3046,2020-03-07,0.20421565
3047,2020-03-08,0.216154395
3048,2020-03-09,0.209710735
3049,2020-03-10,0.202709251
3050,2020-03-11,0.198190635
3051,2020-03-12,0.201736621
3052,2020-03-13,0.201340336
3053,2020-03-14,0.204685319
3054,2020-03-15,0.206733197
3055,2020-03-16,0.20048317
3056,2020-03-17,0.199150683
3057,2020-03-18,0.22025372
3058,2020-03-19,0.228434877
3059,2020-03-20,0.222990246
3060,2020-03-21,0.224384156
3061,2020-03-22,0.222748169
3062,2020-03-23,0.230922067
3063,2020-03-24,0.24495452
3064,2020-03-25,0.239052221
3065,2020-03-26,0.232419208
3066,2020-03-27,0.219977739
3067,2020-03-28,0.202414429
3068,2020-03-29,0.204242264
3069,2020-03-30,0.207246803
3070,2020-03-31,0.224853986
3071,2020-04-01,0.221636565
3072,2020-04-02,0.218251329
3073,2020-04-03,0.226259025
3074,2020-04-04,0.213932013
3075,2020-04-05,0.212205119
3076,2020-04-06,0.222093168
3077,2020-04-07,0.227382114
3078,2020-04-08,0.245582746
3079,2020-04-09,0.262494054
3080,2020-04-10,0.276336562
3081,2020-04-11,0.325930946
3082,2020-04-12,0.359840826
3083,2020-04-13,0.328498915
3084,2020-04-14,0.312539687
3085,2020-04-15,0.307779188
3086,2020-04-16,0.29307383
3087,2020-04-17,0.269015611
3088,2020-04-18,0.260416562
3089,2020-04-19,0.264344374
3090,2020-04-20,0.267475791
3091,2020-04-21,0.288829356
3092,2020-04-22,0.37613278
3093,2020-04-23,0.477726573
3094,2020-04-24,0.563042348
3095,2020-04-25,0.524195315
3096,2020-04-26,0.452981448
3097,2020-04-27,0.629473068
3098,2020-04-28,0.688209916
3099,2020-04-29,0.638690632
3100,2020-04-30,0.58209841
3101,2020-05-01,1.015557793
3102,2020-05-02,0.962851251
3103,2020-05-03,0.918158986
3104,2020-05-04,0.959501404
3105,2020-05-05,0.824142932
3106,2020-05-06,0.921268821
3107,2020-05-07,0.887815191
3108,2020-05-08,0.781328827
3109,2020-05-09,0.715531623
3110,2020-05-10,0.666506558
3111,2020-05-11,0.643603784
3112,2020-05-12,0.949046035
3113,2020-05-13,1.037047914
3114,2020-05-14,0.990674274
3115,2020-05-15,0.951765528
3116,2020-05-16,0.889177841
3117,2020-05-17,0.669278311
3118,2020-05-18,0.529689948
3119,2020-05-19,1.178014411
3120,2020-05-20,1.276447141
3121,2020-05-21,1.254407637
3122,2020-05-22,1.134503174
3123,2020-05-23,1.026979339
3124,2020-05-24,0.877926948
3125,2020-05-25,0.669761561
3126,2020-05-26,0.596796574
3127,2020-05-27,0.537895202
3128,2020-05-28,0.332430952
